Taxon,lon,lat,bio_1,bio_2,bio_3,bio_4,bio_5,bio_6,bio_7,bio_8,bio_9,bio_10,bio_11,bio_12,bio_13,bio_14,bio_15,bio_16,bio_17,bio_18,bio_19
Lactuca_tatarica,-91.06396,29.899078,200,114,41,5944,327,54,273,268,163,271,120,1589,190,89,19,500,329,499,391
Lactuca_tatarica,-109.217,31.8833,123,170,49,6300,301,-40,341,196,156,204,43,526,113,8,69,266,43,231,118
Lactuca_tatarica,-109.73695,31.890821,162,177,49,6774,345,-10,355,243,197,250,78,336,81,5,82,192,24,168,64
Lactuca_tatarica,-111.81482,32.10396,182,160,47,6816,358,18,340,266,211,271,99,395,78,6,67,191,23,155,102
Lactuca_tatarica,77.05,32.55,54,96,33,6917,189,-101,290,5,22,137,-40,706,113,19,46,274,81,130,189
Lactuca_tatarica,-105.72612,32.622623,111,149,46,6393,275,-46,321,184,104,194,30,440,88,10,68,232,48,212,71
Lactuca_tatarica,78.38,32.74,-48,121,34,8091,129,-226,355,53,-91,56,-152,247,49,6,56,114,30,100,49
Lactuca_tatarica,78.38,32.77,-33,123,34,8091,145,-212,357,67,-77,71,-137,243,45,6,50,106,31,92,52
Lactuca_tatarica,78.32,32.78,-15,122,34,7995,160,-193,353,83,-59,86,-119,264,42,7,42,103,34,87,62
Lactuca_tatarica,78.3,32.81,-8,123,34,8010,167,-186,353,90,-52,94,-112,258,39,7,41,97,33,81,63
Lactuca_tatarica,78.37,32.86,-12,124,34,8066,165,-192,357,87,-57,90,-117,242,38,7,41,93,32,79,58
Lactuca_tatarica,78.28,32.88,-26,122,34,8114,152,-205,357,75,-69,78,-130,233,39,6,44,94,30,80,53
Lactuca_tatarica,78.36,32.9,-10,125,34,8114,168,-190,358,90,-55,94,-115,234,36,7,41,88,31,74,56
Lactuca_tatarica,-108.2125,32.9022,98,181,50,6625,283,-72,355,178,130,186,16,485,99,11,69,253,45,219,97
Lactuca_tatarica,78.36,32.93,-20,125,34,8157,160,-201,361,81,-65,84,-126,218,36,6,43,87,28,74,50
Lactuca_tatarica,-107.7863,33.042,94,182,50,6613,278,-80,358,172,83,181,11,455,96,10,75,253,43,214,76
Lactuca_tatarica,77.92,33.05,-39,117,32,8198,139,-217,356,62,-80,65,-145,215,37,6,46,89,28,76,46
Lactuca_tatarica,77.22,33.11,-9,107,31,8022,157,-182,339,-108,-46,90,-116,286,36,8,37,94,37,72,73
Lactuca_tatarica,77.72,33.18,-15,117,33,8195,160,-193,353,85,-56,88,-123,216,29,6,36,76,28,62,52
Lactuca_tatarica,77.63,33.22,-9,116,32,8198,166,-187,353,91,-50,93,-117,218,27,7,35,73,30,58,55
Lactuca_tatarica,77.15,33.24,10,108,31,8117,177,-164,341,-90,-27,109,-98,295,42,9,40,106,37,62,79
Lactuca_tatarica,66,33.25,111,171,38,9507,340,-104,444,-1,230,230,-18,235,57,0,99,147,0,0,128
Lactuca_tatarica,78.42,33.25,-39,127,34,8458,148,-225,373,67,-85,70,-148,158,32,4,52,71,20,63,31
Lactuca_tatarica,77.2,33.31,-28,107,30,8286,144,-203,347,73,-66,75,-137,217,27,7,34,74,30,59,53
Lactuca_tatarica,77.99,33.35,-12,123,33,8373,170,-196,366,90,-56,93,-122,172,26,5,38,64,23,53,41
Lactuca_tatarica,-108.6466,33.40201,61,184,51,6324,245,-109,354,139,88,144,-17,580,109,15,62,285,56,242,121
Lactuca_tatarica,76.8,33.53,19,104,29,8555,190,-159,349,-88,-18,122,-96,300,46,9,42,115,37,57,85
Lactuca_tatarica,77.82,33.56,-24,121,32,8573,161,-210,371,81,-68,83,-137,139,23,4,41,55,19,46,31
Lactuca_tatarica,76.83,33.58,-16,103,29,8639,158,-194,352,-124,-53,89,-131,202,26,6,37,67,27,47,52
Lactuca_tatarica,77.82,33.58,-24,121,32,8573,161,-210,371,81,-68,83,-137,139,23,4,41,55,19,46,31
Lactuca_tatarica,77.48,33.62,-9,118,32,8535,172,-193,365,94,-51,97,-122,153,20,5,36,53,21,42,38
Lactuca_tatarica,78.01,33.64,16,129,34,8454,202,-173,375,118,-30,122,-96,146,19,4,36,49,19,39,38
Lactuca_tatarica,78.02,33.65,16,129,34,8454,202,-173,375,118,-30,122,-96,146,19,4,36,49,19,39,38
Lactuca_tatarica,-105.455605,33.74004,120,173,47,7169,306,-60,366,203,38,213,29,341,73,9,75,188,36,176,41
Lactuca_tatarica,77.82,33.83,40,131,34,8471,225,-150,375,-60,-7,144,-74,153,19,5,38,52,20,38,42
Lactuca_tatarica,78.55,33.83,-12,136,34,8837,185,-208,393,97,-63,100,-128,94,19,3,53,41,13,36,19
Lactuca_tatarica,-109.1425,33.8584,63,184,51,6336,250,-109,359,142,90,147,-15,549,103,15,60,264,55,222,111
Lactuca_tatarica,77.38,33.91,20,123,32,8745,207,-169,376,125,-24,127,-97,135,16,4,37,46,17,36,36
Lactuca_tatarica,-108.41654,33.92386,75,205,52,6958,277,-115,392,161,106,167,-12,395,82,12,70,209,41,173,68
Lactuca_tatarica,-106.93428,34.016438,131,189,47,7669,332,-65,397,221,87,230,33,250,53,8,72,135,25,112,32
Lactuca_tatarica,77.67,34.03,66,133,35,8581,253,-127,380,-35,18,170,-51,150,21,4,42,58,19,33,46
Lactuca_tatarica,77.42,34.05,4,123,32,8919,196,-187,383,113,-40,115,-115,109,16,3,38,42,14,35,26
Lactuca_tatarica,77.63,34.07,67,133,34,8634,255,-126,381,-33,20,173,-50,149,21,4,43,59,18,32,47
Lactuca_tatarica,77.55,34.08,53,133,34,8652,243,-139,382,-49,7,159,-64,124,16,4,39,43,15,35,35
Lactuca_tatarica,-109.85,34.08333,88,175,48,6827,277,-84,361,172,117,177,2,616,91,16,44,237,59,195,162
Lactuca_tatarica,77.65,34.13,28,132,34,8833,222,-166,388,135,-19,137,-90,104,17,3,46,43,12,35,25
Lactuca_tatarica,-109.28528,34.13333,87,187,50,6877,279,-94,373,172,116,177,1,360,80,11,74,198,38,168,53
Lactuca_tatarica,77.58,34.17,34,132,33,8889,228,-161,389,141,-13,143,-86,102,17,3,46,42,12,35,25
Lactuca_tatarica,77.59,34.17,29,132,33,8875,223,-166,389,136,-18,139,-90,100,17,3,45,42,12,35,24
Lactuca_tatarica,77.59,34.19,29,132,33,8875,223,-166,389,136,-18,139,-90,100,17,3,45,42,12,35,24
Lactuca_tatarica,77.6,34.2,29,132,33,8875,223,-166,389,136,-18,139,-90,100,17,3,45,42,12,35,24
Lactuca_tatarica,77.61,34.22,-10,125,32,9089,185,-205,390,101,-56,103,-131,96,18,3,44,41,14,36,20
Lactuca_tatarica,68,34.25,42,143,34,9147,243,-173,416,-17,144,154,-85,281,54,0,81,153,4,6,118
Lactuca_tatarica,77.2,34.25,62,124,31,9247,253,-136,389,-50,15,174,-64,163,27,4,49,71,21,29,56
Lactuca_tatarica,66.52,34.28,19,162,34,9686,243,-225,468,-42,125,137,-116,316,72,0,85,179,1,4,115
Lactuca_tatarica,76.76,34.38,60,114,28,10002,257,-144,401,-63,82,181,-76,202,41,5,62,98,24,27,72
Lactuca_tatarica,76.74,34.42,45,112,27,10046,243,-158,401,-79,68,167,-91,178,34,4,57,82,23,27,61
Lactuca_tatarica,75.77,34.43,17,80,20,10976,213,-175,388,-72,-23,147,-130,421,72,11,49,175,49,76,117
Lactuca_tatarica,76.81,34.43,7,111,28,9739,203,-190,393,-113,-37,125,-124,116,16,3,42,40,15,27,32
Lactuca_tatarica,76.84,34.46,-34,108,27,9517,160,-226,386,82,-76,83,-160,73,10,2,37,28,11,20,17
Lactuca_tatarica,68.27,34.48,16,127,33,8428,200,-184,384,-39,111,120,-100,472,99,1,85,268,7,12,182
Lactuca_tatarica,76.67,34.48,39,111,27,10120,238,-164,402,-86,-6,161,-98,170,32,4,53,77,21,27,57
Lactuca_tatarica,69.42,34.5,109,134,34,8609,299,-87,386,52,173,216,-9,479,111,4,90,288,24,27,163
Lactuca_tatarica,76.65,34.52,39,110,27,10223,239,-164,403,-87,63,163,-99,170,33,4,55,78,21,27,57
Lactuca_tatarica,76.67,34.53,2,108,27,9917,200,-195,395,-120,-41,123,-131,119,17,3,45,41,15,27,31
Lactuca_tatarica,76.68,34.53,2,108,27,9917,200,-195,395,-120,-41,123,-131,119,17,3,45,41,15,27,31
Lactuca_tatarica,76.6,34.56,48,110,26,10359,250,-159,409,-80,72,173,-92,182,38,4,61,88,20,25,64
Lactuca_tatarica,76.1,34.57,33,95,23,10880,235,-170,405,-104,62,163,-113,269,55,6,60,125,31,39,87
Lactuca_tatarica,76.52,34.6,43,108,26,10500,245,-164,409,-88,67,169,-99,182,38,4,60,88,21,25,63
Lactuca_tatarica,76.49,34.62,28,105,25,10381,228,-176,404,-102,-17,153,-112,172,33,4,53,76,22,28,55
Lactuca_tatarica,66.88,34.65,31,157,34,9756,251,-206,457,-31,151,151,-104,291,71,0,85,166,4,4,104
Lactuca_tatarica,61.08,34.75,173,154,40,8426,374,-9,383,84,284,284,66,227,51,0,99,134,0,0,111
Lactuca_tatarica,67.25,34.75,10,145,33,9145,215,-214,429,-49,110,122,-117,345,77,0,81,188,5,8,128
Lactuca_tatarica,77.42,34.75,-64,116,29,9444,134,-260,394,54,-162,54,-188,73,17,2,58,34,9,34,11
Lactuca_tatarica,67.3,34.8,5,141,33,8911,205,-213,418,-52,104,114,-118,367,81,0,81,199,4,8,136
Lactuca_tatarica,67.18,34.82,23,148,34,9202,230,-202,432,-36,124,136,-104,298,67,0,81,161,4,6,111
Lactuca_tatarica,67.75,34.85,49,143,36,8479,241,-154,395,-5,142,153,-68,195,35,0,73,94,2,5,86
Lactuca_tatarica,77.5,34.88,43,130,31,9725,248,-165,413,-72,58,162,-89,78,10,2,39,26,10,22,22
Lactuca_tatarica,69.44,35.03,135,105,30,8499,310,-39,349,77,244,244,22,508,133,3,101,331,12,12,169
Lactuca_tatarica,-106.670235,35.052967,135,172,43,8398,342,-58,400,234,49,245,29,216,40,10,50,98,31,87,31
Lactuca_tatarica,-111.51667,35.16667,83,163,44,7234,279,-85,364,174,112,179,-6,518,71,12,38,184,60,149,141
Lactuca_tatarica,-111.65,35.2,80,165,45,7154,277,-87,364,170,109,175,-8,534,72,12,38,186,62,151,149
Lactuca_tatarica,75.62,35.2,37,99,24,10450,238,-160,398,25,-9,164,-104,241,41,5,51,106,27,42,64
Lactuca_tatarica,69.5,35.25,74,99,30,7799,238,-91,329,19,166,174,-30,823,203,3,97,517,17,18,279
Lactuca_tatarica,71,35.25,89,98,30,7929,254,-70,324,29,102,190,-16,894,175,24,69,461,93,106,257
Lactuca_tatarica,-106.396,35.257,99,157,42,7694,297,-76,373,191,139,200,3,403,66,22,45,172,70,155,73
Lactuca_tatarica,75.62,35.3,104,122,30,9566,303,-91,394,103,115,222,-26,204,35,4,55,94,24,27,59
Lactuca_tatarica,75.73,35.3,103,122,30,9753,305,-96,401,102,115,223,-30,184,33,4,56,85,21,24,54
Lactuca_tatarica,75.67,35.37,103,122,30,9698,304,-95,399,102,114,222,-29,185,33,4,57,86,21,24,54
Lactuca_tatarica,-109.48846,35.38362,106,169,42,8133,313,-83,396,205,143,212,3,272,45,8,47,114,32,92,54
Lactuca_tatarica,-110.319664,35.38755,111,170,42,8237,322,-79,401,213,148,219,7,252,41,7,44,105,30,84,53
Lactuca_tatarica,-108.3963,35.401134,73,174,44,7775,278,-115,393,168,109,174,-26,395,62,15,41,155,51,133,92
Lactuca_tatarica,-108.363,35.4444,87,174,44,7889,292,-101,393,182,123,190,-13,333,56,13,46,140,43,119,71
Lactuca_tatarica,-104.82748,35.47004,107,180,46,7511,304,-87,391,196,11,205,11,402,80,10,69,203,35,202,35
Lactuca_tatarica,69.78,35.5,60,94,29,7597,220,-101,321,4,150,157,-41,943,226,6,94,575,25,28,312
Lactuca_tatarica,75.7,35.5,99,121,30,9735,301,-99,400,98,111,219,-34,160,28,3,57,75,18,21,46
Lactuca_tatarica,-105.97817,35.508156,103,168,43,7976,304,-81,385,198,3,206,3,360,66,16,54,170,52,155,52
Lactuca_tatarica,-105.76726,35.569622,81,166,44,7229,273,-98,371,168,-9,176,-9,455,86,21,59,221,65,206,65
Lactuca_tatarica,77.18,35.58,-100,109,27,9733,100,-297,397,21,-219,21,-228,77,16,2,59,35,9,35,10
Lactuca_tatarica,-108.25992,35.582672,85,168,43,7861,289,-99,388,180,122,188,-14,328,56,14,45,139,45,119,67
Lactuca_tatarica,70.03,35.63,23,89,27,7479,181,-138,319,-32,113,119,-75,1044,236,9,88,607,35,42,340
Lactuca_tatarica,-106.848434,35.6879,67,166,43,7383,266,-112,378,157,103,164,-26,479,79,25,43,198,77,178,96
Lactuca_tatarica,76.17,35.7,-21,104,25,10332,183,-224,407,-33,-68,105,-160,82,12,1,46,32,9,21,18
Lactuca_tatarica,75.4,35.72,60,109,27,9809,258,-133,391,53,11,181,-73,168,27,3,54,80,17,30,38
Lactuca_tatarica,75.92,35.73,-42,99,24,10190,159,-239,398,-55,-86,83,-178,94,14,2,44,36,11,25,18
Lactuca_tatarica,69,35.75,92,105,30,8029,266,-75,341,38,187,196,-15,616,154,0,97,385,4,6,215
Lactuca_tatarica,74.47,35.83,43,97,26,9205,228,-135,363,33,0,157,-81,258,41,5,50,114,27,60,50
Lactuca_tatarica,-111.768166,35.83557,80,158,43,7360,279,-85,364,172,111,177,-10,396,55,12,34,136,52,115,106
Lactuca_tatarica,71.78,35.85,139,111,33,8051,314,-20,334,81,241,241,32,490,108,13,78,266,40,40,133
Lactuca_tatarica,-106.308525,35.865097,84,148,40,7614,273,-90,363,174,-13,183,-13,443,78,23,49,196,73,180,73
Lactuca_tatarica,-110.6404,35.8764,109,161,40,8368,320,-77,397,211,147,218,3,236,36,7,40,91,30,74,53
Lactuca_tatarica,70.42,35.88,13,88,27,7693,174,-150,324,-44,105,111,-88,998,211,12,81,548,47,56,318
Lactuca_tatarica,74.3,35.9,99,105,29,8765,283,-74,357,93,51,210,-18,219,40,4,57,105,23,48,38
Lactuca_tatarica,74.3,35.92,132,110,30,8604,316,-39,355,129,80,241,17,188,38,3,63,94,19,40,30
Lactuca_tatarica,71.02,35.95,-50,81,24,7918,110,-216,326,-63,44,49,-155,961,178,19,67,472,80,93,291
Lactuca_tatarica,77.05,35.97,-88,109,26,9953,115,-290,405,35,-192,35,-221,65,13,1,64,30,6,30,7
Lactuca_tatarica,67.67,36,66,128,34,8117,255,-119,374,15,159,169,-43,367,80,0,85,203,2,4,139
Lactuca_tatarica,-104.93978,36.018036,81,180,47,7087,274,-105,379,174,-8,174,-8,439,89,10,73,228,34,228,34
Lactuca_tatarica,-104.3754,36.0585,106,180,45,7843,305,-94,399,207,5,207,5,387,75,8,72,197,27,197,27
Lactuca_tatarica,-106.08,36.07,108,183,43,8248,322,-94,416,206,2,214,2,262,50,10,56,124,33,111,33
Lactuca_tatarica,76.4,36.07,-14,109,26,10412,195,-221,416,-22,-64,114,-154,60,10,1,42,23,7,18,11
Lactuca_tatarica,74.92,36.13,-63,90,23,9750,128,-252,380,-78,-104,56,-193,148,23,4,45,63,18,35,28
Lactuca_tatarica,-109.5329,36.1553,113,170,41,8672,329,-83,412,218,154,226,3,232,35,7,39,89,31,72,49
Lactuca_tatarica,-109.1,36.17,82,154,39,8071,285,-101,386,181,119,188,-20,337,49,11,38,128,43,105,76
Lactuca_tatarica,78.6,36.17,-5,131,30,10120,207,-221,428,119,-120,119,-143,37,9,0,68,20,3,20,4
Lactuca_tatarica,73.75,36.2,124,112,30,8868,313,-53,366,121,73,237,5,145,36,1,69,72,13,34,21
Lactuca_tatarica,-115.02281,36.20175,188,148,37,8600,395,5,390,101,228,301,81,106,13,2,35,33,13,25,31
Lactuca_tatarica,-106.85862,36.25289,68,178,42,8010,281,-134,415,165,105,171,-36,395,67,20,43,165,66,145,73
Lactuca_tatarica,-105.567,36.3333,64,177,44,7668,267,-134,401,156,-36,162,-36,418,76,19,52,185,59,181,59
Lactuca_tatarica,76.8,36.38,3,117,27,10463,214,-211,425,103,-52,131,-140,42,8,0,54,17,4,15,7
Lactuca_tatarica,-105.3,36.4167,44,179,45,7367,243,-153,396,138,-52,138,-52,483,87,22,52,212,66,212,66
Lactuca_tatarica,73.37,36.42,76,105,28,9115,265,-105,370,69,29,191,-47,157,31,2,56,73,17,34,31
Lactuca_tatarica,75.33,36.45,18,105,26,10059,220,-180,400,11,-31,142,-118,92,16,2,53,42,9,22,16
Lactuca_tatarica,77.1,36.47,-46,115,27,10265,163,-256,419,80,-169,80,-184,50,10,1,62,24,5,24,5
Lactuca_tatarica,74.85,36.48,46,106,27,9714,244,-146,390,40,-4,167,-85,112,21,2,55,53,11,25,20
Lactuca_tatarica,73.9,36.5,40,100,26,9315,230,-144,374,32,-6,156,-86,154,27,3,52,69,18,35,30
Lactuca_tatarica,74.88,36.5,80,111,28,9550,278,-111,389,77,27,199,-49,103,22,1,63,52,9,22,17
Lactuca_tatarica,-109.0009,36.5003,94,155,39,8400,303,-94,397,196,133,204,-13,292,40,9,36,106,38,85,67
Lactuca_tatarica,-106.69709,36.509144,65,182,42,8162,282,-146,428,164,103,170,-42,394,66,21,41,161,68,141,75
Lactuca_tatarica,-108.32315,36.512596,103,162,39,8687,319,-89,408,208,145,216,-8,246,36,10,37,92,37,77,51
Lactuca_tatarica,74.88,36.52,44,106,27,9722,242,-149,391,38,-7,165,-88,105,20,2,57,50,10,23,18
Lactuca_tatarica,74.82,36.52,50,106,27,9685,248,-142,390,45,0,171,-81,112,21,2,55,53,11,25,20
Lactuca_tatarica,-105.62954,36.56984,69,180,42,8261,281,-142,423,166,-41,173,-41,336,60,15,48,147,48,141,48
Lactuca_tatarica,74.77,36.58,-1,99,25,9796,195,-193,388,-10,-47,120,-133,111,19,2,51,51,11,25,21
Lactuca_tatarica,74.78,36.58,-1,99,25,9796,195,-193,388,-10,-47,120,-133,111,19,2,51,51,11,25,21
Lactuca_tatarica,74.82,36.6,25,103,26,9823,223,-169,392,18,-24,146,-108,107,19,2,55,49,11,25,19
Lactuca_tatarica,-104.63817,36.606106,94,188,45,7958,299,-114,413,196,-9,196,-9,363,75,7,74,186,24,186,24
Lactuca_tatarica,74.95,36.62,-18,98,25,9950,180,-212,392,-27,-64,105,-152,102,17,2,50,45,11,24,19
Lactuca_tatarica,-106.198,36.638,30,166,43,7385,227,-154,381,120,63,126,-64,591,86,34,30,209,109,194,130
Lactuca_tatarica,74.8,36.65,13,102,26,9828,211,-181,392,6,-35,134,-120,103,18,2,51,46,10,25,18
Lactuca_tatarica,-110.4324,36.6508,109,137,36,8512,313,-65,378,213,148,221,2,252,34,8,32,88,35,72,59
Lactuca_tatarica,-110.5365,36.6864,104,134,36,8411,306,-66,372,207,142,215,-1,267,36,8,33,94,36,76,62
Lactuca_tatarica,-105.32626,36.69815,25,168,44,7229,218,-160,378,112,-68,117,-68,577,92,30,41,228,95,225,95
Lactuca_tatarica,74.72,36.72,27,104,26,9823,225,-168,393,21,-22,149,-106,98,18,2,52,46,10,23,16
Lactuca_tatarica,74.65,36.72,-9,98,25,9821,187,-202,389,-18,-55,112,-142,106,18,2,53,48,11,25,19
Lactuca_tatarica,74.72,36.73,27,104,26,9823,225,-168,393,21,-22,149,-106,98,18,2,52,46,10,23,16
Lactuca_tatarica,72,36.75,9,94,26,8778,189,-169,358,-1,113,118,-109,501,88,11,63,239,41,51,152
Lactuca_tatarica,74.78,36.75,12,102,26,9841,210,-182,392,5,-36,134,-121,97,17,2,50,45,10,23,16
Lactuca_tatarica,-104.44316,36.77276,97,176,44,7892,296,-102,398,199,-3,199,-3,355,72,8,76,186,24,186,24
Lactuca_tatarica,-108.2283,36.798923,110,167,39,8949,331,-89,420,176,153,225,-6,243,33,8,35,88,39,69,54
Lactuca_tatarica,74.52,36.8,7,100,25,9772,203,-186,389,-1,-41,127,-126,104,18,2,52,47,11,25,19
Lactuca_tatarica,74.52,36.82,7,100,25,9772,203,-186,389,-1,-41,127,-126,104,18,2,52,47,11,25,19
Lactuca_tatarica,67.25,36.83,175,136,33,9654,390,-15,405,72,302,302,52,177,45,0,96,104,0,0,81
Lactuca_tatarica,74.52,36.83,7,100,25,9772,203,-186,389,-1,-41,127,-126,104,18,2,52,47,11,25,19
Lactuca_tatarica,76.98,36.83,16,121,28,10481,228,-201,429,117,-42,144,-128,37,7,0,52,16,3,15,5
Lactuca_tatarica,74.98,36.87,-3,102,25,10008,198,-201,399,-10,-51,121,-138,83,15,1,55,36,8,22,14
Lactuca_tatarica,74.65,36.87,-16,98,25,9841,181,-210,391,-24,-62,105,-149,100,18,2,50,45,11,23,19
Lactuca_tatarica,81.7,36.87,122,149,33,10733,331,-113,444,233,41,248,-27,33,7,0,82,20,1,16,3
Lactuca_tatarica,-105.129,36.93,42,175,43,7771,244,-157,401,134,-59,141,-59,451,75,19,47,187,63,186,63
Lactuca_tatarica,72.57,37,48,103,27,9235,237,-139,376,41,156,162,-78,229,41,6,59,110,20,27,66
Lactuca_tatarica,73.28,37,6,97,25,9385,196,-181,377,-3,23,122,-121,200,32,7,50,90,25,34,51
Lactuca_tatarica,73.45,37.02,9,98,25,9455,200,-179,379,2,26,126,-119,167,27,5,49,74,21,32,40
Lactuca_tatarica,-106.1761,37.0564,38,176,42,8068,245,-166,411,134,77,141,-67,409,63,25,34,156,78,141,78
Lactuca_tatarica,80.8,37.08,128,137,31,10691,332,-103,435,238,48,252,-22,33,7,0,75,19,2,15,4
Lactuca_tatarica,73.97,37.1,-25,95,24,9674,168,-216,384,-34,-6,95,-155,143,23,4,46,62,19,31,31
Lactuca_tatarica,77.05,37.18,63,128,29,10492,274,-160,434,167,-2,189,-83,37,8,0,52,17,3,14,5
Lactuca_tatarica,-105.0547,37.1849,34,166,42,7688,232,-158,390,132,-66,132,-66,503,80,22,44,202,74,202,74
Lactuca_tatarica,-107.052345,37.18671,54,193,43,8262,276,-165,441,154,92,159,-54,494,64,21,26,162,80,134,119
Lactuca_tatarica,72.87,37.2,-20,93,24,9293,167,-206,373,-30,90,94,-146,316,49,10,51,141,36,45,89
Lactuca_tatarica,-106.194115,37.206085,38,177,42,8209,245,-170,415,135,-70,142,-70,379,59,22,36,148,69,132,69
Lactuca_tatarica,-107.0082,37.2617,53,194,43,8329,274,-170,444,119,91,158,-57,483,62,21,26,160,79,131,114
Lactuca_tatarica,-113.51674,37.278484,103,157,41,7753,310,-67,377,20,133,206,8,404,52,11,30,136,62,84,121
Lactuca_tatarica,-107.84608,37.285786,72,176,41,8152,290,-130,420,135,109,177,-34,485,59,18,26,155,77,127,120
Lactuca_tatarica,-111.89383,37.29257,108,161,40,8203,322,-75,397,208,145,216,5,236,32,9,28,77,36,64,63
Lactuca_tatarica,-104.0433,37.32019,114,177,42,8405,326,-87,413,225,8,225,8,334,57,9,57,147,30,147,30
Lactuca_tatarica,72.35,37.33,-7,96,25,9195,181,-193,374,-16,102,106,-131,390,62,8,57,177,31,43,119
Lactuca_tatarica,85.83,37.33,-68,142,34,9553,132,-279,411,51,-133,51,-195,91,29,0,120,69,1,69,1
Lactuca_tatarica,-108.59552,37.33574,92,166,39,8694,313,-108,421,159,132,205,-20,341,39,12,26,110,56,83,78
Lactuca_tatarica,-107.2986,37.3617,44,185,43,8123,259,-169,428,142,80,147,-62,564,71,24,26,184,92,153,134
Lactuca_tatarica,-105.7597,37.438,56,189,41,9047,277,-177,454,160,-66,169,-66,206,38,6,56,98,21,90,21
Lactuca_tatarica,-105.78484,37.571632,57,186,41,8969,277,-172,449,161,-64,169,-64,208,39,6,58,100,21,92,21
Lactuca_tatarica,-109.80502,37.63116,77,135,35,8364,281,-95,376,180,113,187,-28,388,46,14,26,124,59,101,99
Lactuca_tatarica,-114.87542,37.641514,111,170,42,8021,331,-70,401,28,145,218,12,256,29,9,23,77,47,60,67
Lactuca_tatarica,-104.95859,37.68684,84,172,42,7968,292,-109,401,188,-18,188,-18,409,62,16,41,157,58,157,58
Lactuca_tatarica,-99.883224,37.69199,128,147,35,9494,338,-80,418,224,5,250,5,578,87,13,54,254,49,238,49
Lactuca_tatarica,-106.4297,37.7431,43,176,42,8374,249,-167,416,142,-68,148,-68,311,50,14,41,128,49,114,49
Lactuca_tatarica,-105.6365,37.8179,61,175,41,8480,274,-149,423,160,-51,168,-51,261,48,7,57,121,27,114,27
Lactuca_tatarica,-113.27694,37.856503,100,168,41,8443,322,-87,409,205,136,211,-6,290,34,12,23,85,58,72,64
Lactuca_tatarica,-106.352,37.8667,34,171,41,8370,238,-175,413,133,-76,139,-76,350,54,18,36,139,61,125,61
Lactuca_tatarica,-111.43883,37.87355,96,151,38,8457,306,-91,397,199,134,206,-12,238,36,10,33,87,41,72,50
Lactuca_tatarica,-105.8445,37.9858,62,175,41,8395,272,-148,420,160,-49,168,-49,240,45,7,56,113,24,105,24
Lactuca_tatarica,-101.79322,37.99305,117,176,38,9664,344,-109,453,217,-8,242,-8,398,67,8,64,190,26,180,26
Lactuca_tatarica,-101.31273,37.995167,119,163,37,9410,339,-92,431,216,-1,242,-1,440,72,9,64,209,28,197,28
Lactuca_tatarica,-100.74606,38.046734,119,157,36,9570,336,-94,430,217,-5,242,-5,489,79,10,62,232,34,214,34
Lactuca_tatarica,-116.45109,38.049847,78,159,42,7498,286,-91,377,-1,32,178,-13,241,24,15,14,69,52,62,63
Lactuca_tatarica,-106.29879,38.079468,20,167,40,8312,223,-185,408,119,60,125,-88,434,61,27,29,158,86,143,89
Lactuca_tatarica,-105.36055,38.092793,35,165,41,7927,238,-158,396,130,-67,137,-67,440,74,16,48,183,58,182,58
Lactuca_tatarica,72.15,38.1,52,112,27,9729,254,-148,402,49,165,171,-81,212,35,1,61,94,8,19,72
Lactuca_tatarica,73.5,38.17,-19,101,25,9839,179,-218,397,-24,-2,101,-153,180,27,7,36,70,25,40,45
Lactuca_tatarica,-99.23223,38.181347,128,146,34,9685,341,-82,423,227,2,252,2,600,94,12,53,260,49,249,49
Lactuca_tatarica,-104.3977,38.2485,116,180,41,8918,338,-97,435,232,3,232,3,291,52,7,60,133,23,133,23
Lactuca_tatarica,-112.12971,38.335938,78,182,43,8104,305,-114,419,179,-24,185,-24,247,34,14,26,86,49,74,49
Lactuca_tatarica,-113.22875,38.34078,79,176,41,8428,310,-112,422,185,-26,191,-26,304,35,15,22,91,61,79,61
Lactuca_tatarica,-110.89703,38.364136,118,174,37,9702,355,-103,458,232,-9,242,-9,154,22,7,36,58,24,47,24
Lactuca_tatarica,-106.5118,38.4128,26,182,40,8930,246,-199,445,131,70,138,-93,370,51,24,28,132,74,121,84
Lactuca_tatarica,77.27,38.45,120,138,31,10732,330,-115,445,231,-17,245,-31,44,9,1,69,22,3,20,4
Lactuca_tatarica,-107.8739,38.47808,93,167,39,8717,314,-107,421,158,-21,205,-21,279,33,14,25,95,50,77,50
Lactuca_tatarica,-98.755424,38.479996,130,140,33,9849,343,-80,423,231,1,256,1,646,99,13,52,274,53,260,53
Lactuca_tatarica,-100.90589,38.481884,116,162,37,9477,335,-94,429,214,-5,239,-5,500,77,13,58,230,40,214,40
Lactuca_tatarica,72.88,38.63,-25,100,25,9757,172,-223,395,-29,89,94,-158,389,53,10,42,152,41,63,109
Lactuca_tatarica,-107.013565,38.668938,16,185,40,9153,242,-214,456,123,61,129,-107,454,49,25,18,135,87,120,124
Lactuca_tatarica,72.83,38.67,-37,99,25,9711,160,-234,394,-42,77,81,-169,489,68,13,43,193,51,75,137
Lactuca_tatarica,-105.1339,38.6865,16,158,41,7785,214,-169,383,117,-82,117,-82,529,87,16,50,225,63,225,63
Lactuca_tatarica,-98.204926,38.69577,123,143,33,10014,338,-92,430,225,-9,251,-9,695,101,14,52,291,55,270,55
Lactuca_tatarica,-106.175995,38.737034,23,171,41,8351,233,-182,415,124,-84,130,-84,380,56,21,34,145,70,138,70
Lactuca_tatarica,-111.79704,38.74656,57,173,42,8032,277,-132,409,157,-44,162,-44,291,37,18,22,96,59,85,59
Lactuca_tatarica,-97.6478,38.78145,130,130,31,10050,338,-79,417,231,-3,257,-3,746,111,19,49,310,70,277,70
Lactuca_tatarica,-104.88,38.82,60,166,42,7778,265,-124,389,163,-36,163,-36,460,79,10,59,209,40,209,40
Lactuca_tatarica,-104.52109,38.837902,82,160,40,8155,290,-104,394,190,-19,190,-19,416,73,8,67,200,29,200,29
Lactuca_tatarica,-107.86118,38.86222,86,163,39,8654,306,-111,417,151,-26,198,-26,338,36,20,17,104,71,82,71
Lactuca_tatarica,-104.95,38.88,46,166,42,7670,249,-138,387,147,-49,147,-49,488,82,11,57,218,44,218,44
Lactuca_tatarica,-105.15421,38.88104,12,156,41,7730,208,-170,378,113,-85,113,-85,543,88,17,48,227,66,227,66
Lactuca_tatarica,-99.31476,38.916466,118,147,34,9844,334,-93,427,219,-10,245,-10,586,90,11,57,258,41,246,41
Lactuca_tatarica,-101.14668,38.91648,117,165,37,9570,340,-96,436,216,-5,242,-5,465,82,9,64,225,29,199,29
Lactuca_tatarica,-98.76635,38.922222,121,141,32,10024,336,-92,428,223,-10,250,-10,649,95,14,52,271,52,254,52
Lactuca_tatarica,75.17,38.95,-3,111,26,10462,202,-219,421,98,-122,122,-149,111,18,2,58,49,9,49,11
Lactuca_tatarica,75.42,38.97,75,122,28,10590,281,-149,430,200,-52,200,-74,85,16,2,59,37,6,37,7
Lactuca_tatarica,-109.55904,38.99357,112,159,35,9677,344,-98,442,182,-15,236,-15,237,27,12,21,75,48,58,48
Lactuca_tatarica,-94.34381,39.010063,124,120,30,9689,318,-79,397,223,-6,244,-6,975,128,33,41,356,105,333,105
Lactuca_tatarica,-112.103615,39.011112,46,163,41,7973,263,-133,396,-11,124,152,-52,431,46,24,14,120,94,99,110
Lactuca_tatarica,-119.192375,39.0129,106,193,46,7709,334,-82,416,10,201,208,10,141,16,9,20,41,28,31,41
Lactuca_tatarica,-108.468155,39.021885,114,149,34,9524,338,-93,431,183,-11,236,-11,235,26,13,22,75,43,58,43
Lactuca_tatarica,-108.22818,39.02325,36,152,39,8001,242,-145,387,18,69,141,-63,586,65,29,16,160,124,131,144
Lactuca_tatarica,-107.95058,39.04499,3,149,39,7670,200,-173,373,-84,79,104,-89,750,89,35,19,216,150,158,201
Lactuca_tatarica,-113.104744,39.04659,104,178,39,9246,348,-101,449,97,-15,225,-15,191,21,11,23,62,34,44,34
Lactuca_tatarica,-105.71356,39.11674,16,169,41,8265,226,-185,411,122,-90,122,-90,379,64,13,51,164,46,164,46
Lactuca_tatarica,-97.65281,39.131607,127,135,31,10042,338,-84,422,228,-6,254,-6,739,111,17,53,316,60,287,60
Lactuca_tatarica,-106.35809,39.18993,12,167,41,8157,221,-183,404,112,-30,118,-90,428,53,28,22,141,94,135,96
Lactuca_tatarica,-106.13,39.28,-23,128,37,7611,160,-183,343,73,-10,77,-114,699,72,43,16,194,148,189,172
Lactuca_tatarica,-102.602455,39.30534,97,165,38,9266,321,-107,428,191,-20,219,-20,414,73,8,66,203,26,185,26
Lactuca_tatarica,-98.76733,39.34909,115,150,33,10224,338,-105,443,221,-19,246,-19,639,97,13,52,261,47,240,47
Lactuca_tatarica,-100.440895,39.350548,117,156,36,9652,338,-93,431,216,-7,242,-7,530,91,10,61,249,34,222,34
Lactuca_tatarica,-101.71948,39.35073,106,157,37,9270,324,-95,419,201,-10,228,-10,452,81,10,66,225,31,199,31
Lactuca_tatarica,-99.32556,39.35076,112,150,34,10111,336,-104,440,217,-20,243,-20,590,92,11,55,253,41,234,41
Lactuca_tatarica,-97.16437,39.351048,127,134,31,10120,338,-87,425,230,-9,254,-9,784,119,16,52,323,60,303,60
Lactuca_tatarica,-101.05479,39.35856,104,155,36,9614,326,-104,430,203,-19,230,-19,491,91,9,68,246,29,211,29
Lactuca_tatarica,-111.57516,39.373352,80,162,38,8827,309,-113,422,71,195,195,-34,301,31,18,13,84,62,62,73
Lactuca_tatarica,-98.20653,39.39331,119,143,32,10228,340,-99,439,223,-17,249,-17,681,100,15,53,283,53,263,53
Lactuca_tatarica,-114.89628,39.435432,62,171,41,7970,287,-122,409,45,-26,168,-36,303,33,22,13,90,66,74,66
Lactuca_tatarica,76.03,39.48,120,129,29,10747,324,-112,436,230,47,245,-32,68,11,2,40,25,8,22,11
Lactuca_tatarica,-97.65591,39.482838,119,129,30,10020,329,-88,417,221,-14,246,-14,744,112,16,53,317,58,295,58
Lactuca_tatarica,76,39.5,119,128,29,10655,323,-111,434,228,46,243,-31,69,11,2,40,25,8,22,11
Lactuca_tatarica,-95.31426,39.530582,120,124,30,9904,320,-88,408,222,-14,243,-14,935,133,24,48,362,84,343,84
Lactuca_tatarica,-105.24681,39.587467,60,176,44,7452,268,-125,393,136,-31,160,-31,460,63,12,44,177,49,171,49
Lactuca_tatarica,-118.340935,39.60242,110,179,43,8161,343,-73,416,145,212,219,10,132,17,6,24,45,24,29,32
Lactuca_tatarica,-110.58279,39.643913,72,151,36,9148,294,-125,419,183,-33,190,-46,282,32,19,18,89,57,79,58
Lactuca_tatarica,-105.1551,39.6467,94,159,40,8084,300,-93,393,176,-5,202,-5,426,66,13,42,164,46,141,46
Lactuca_tatarica,-106.9511,39.6469,58,188,41,8994,297,-156,453,164,-39,172,-61,338,34,19,14,100,73,94,74
Lactuca_tatarica,-112.795944,39.7114,96,161,37,9258,334,-100,434,84,218,218,-21,218,26,15,18,71,47,47,47
Lactuca_tatarica,-111.82083,39.719444,87,161,38,8799,319,-101,420,75,202,202,-26,402,44,22,18,119,73,73,107
Lactuca_tatarica,-108.0019,39.7605,51,173,41,8373,275,-146,421,39,-55,160,-55,447,43,30,11,125,99,109,99
Lactuca_tatarica,-105.2311,39.7606,85,161,41,7791,289,-97,386,164,-10,189,-10,433,66,13,42,167,46,145,46
Lactuca_tatarica,-104.87266,39.768036,101,153,38,8406,309,-85,394,187,-2,213,-2,402,68,13,48,167,43,140,43
Lactuca_tatarica,-96.52917,39.778534,114,131,30,10358,324,-105,429,220,-27,243,-27,825,125,17,53,333,63,323,63
Lactuca_tatarica,-101.729515,39.78084,106,160,37,9289,326,-96,422,202,-9,229,-9,464,84,10,65,230,31,200,31
Lactuca_tatarica,-97.08591,39.784203,118,135,31,10177,330,-97,427,222,-19,246,-19,786,117,15,53,321,58,308,58
Lactuca_tatarica,-99.34703,39.784492,110,152,34,10060,333,-107,440,214,-21,240,-21,593,98,10,60,266,37,244,37
Lactuca_tatarica,-98.785,39.784683,115,145,33,10198,337,-101,438,220,-19,246,-19,623,98,10,58,265,39,245,39
Lactuca_tatarica,-100.46005,39.784954,109,156,36,9633,329,-100,429,208,-13,235,-13,545,93,12,62,263,37,233,37
Lactuca_tatarica,-101.07387,39.789524,102,161,36,9732,326,-111,437,202,-23,229,-23,532,94,12,62,260,37,222,37
Lactuca_tatarica,-95.562126,39.822918,115,129,30,10148,320,-99,419,220,-22,241,-22,909,125,23,48,350,79,340,79
Lactuca_tatarica,-97.650276,39.828163,114,130,30,10154,326,-98,424,218,-22,242,-22,749,110,15,53,309,58,294,58
Lactuca_tatarica,-117.0265,39.945698,94,168,41,8099,327,-79,406,77,198,203,-4,252,30,10,26,84,39,47,65
Lactuca_tatarica,-111.70028,39.975,70,151,37,8579,292,-112,404,-22,182,182,-40,521,56,27,21,155,89,89,151
Lactuca_tatarica,-108.199104,39.97526,54,183,41,8695,287,-156,443,45,-59,166,-59,395,39,24,16,114,78,101,78
Lactuca_tatarica,-116.269806,39.978798,83,158,39,8158,311,-88,399,66,188,193,-16,300,35,13,23,98,50,57,77
Lactuca_tatarica,-95.145,39.9869,112,125,29,10281,314,-104,418,218,-30,238,-30,901,117,22,48,341,78,335,78
Lactuca_tatarica,-108.1901,39.9933,54,183,41,8695,287,-156,443,45,-59,166,-59,395,39,24,16,114,78,101,78
Lactuca_tatarica,-102.42238,40.000313,103,163,38,9061,321,-100,421,196,-11,221,-11,433,79,9,67,221,28,191,28
Lactuca_tatarica,-102.242,40.0775,103,161,38,9030,318,-99,417,196,-9,221,-9,447,80,9,66,225,30,196,30
Lactuca_tatarica,-105.35729,40.08847,63,159,42,7385,264,-107,371,137,-27,161,-27,429,61,15,42,165,50,153,50
Lactuca_tatarica,-95.21343,40.094837,111,128,30,10348,316,-107,423,218,-31,238,-31,878,114,22,48,333,76,329,76
Lactuca_tatarica,-111.66971,40.117393,102,151,36,8986,332,-82,414,94,220,220,-13,436,46,20,22,133,70,70,119
Lactuca_tatarica,-95.7183,40.12382,114,132,30,10320,323,-104,427,221,-26,242,-26,856,114,21,49,331,72,327,72
Lactuca_tatarica,-109.51832,40.12558,81,176,35,10779,335,-163,498,158,-68,214,-68,200,25,10,24,65,35,51,35
Lactuca_tatarica,-99.91475,40.173412,104,157,35,10020,326,-115,441,207,-27,233,-27,586,97,12,61,274,41,247,41
Lactuca_tatarica,-99.39884,40.173714,104,144,33,10020,320,-110,430,207,-27,232,-27,591,96,10,61,271,35,251,35
Lactuca_tatarica,-100.479004,40.17619,106,154,35,9664,325,-104,429,206,-18,231,-18,537,89,10,64,261,35,235,35
Lactuca_tatarica,-98.49784,40.178055,104,139,32,10199,318,-113,431,209,-31,233,-31,674,107,12,55,286,47,261,47
Lactuca_tatarica,-101.68977,40.181946,101,160,37,9450,322,-106,428,199,-18,225,-18,475,83,10,66,237,30,209,30
Lactuca_tatarica,-107.3732,40.2455,23,158,40,8186,236,-157,393,6,105,130,-79,534,52,37,9,143,126,129,132
Lactuca_tatarica,-103.80728,40.263386,99,170,38,9326,328,-116,444,195,-19,221,-19,341,64,5,70,175,17,152,17
Lactuca_tatarica,-110.4353,40.281647,68,162,36,9352,295,-143,438,137,-34,185,-57,252,27,16,17,78,51,69,52
Lactuca_tatarica,-94.88303,40.36036,102,127,30,10302,308,-113,421,217,-39,229,-39,885,112,20,48,333,74,332,74
Lactuca_tatarica,-106.62,40.38,10,154,40,7965,218,-161,379,108,-80,113,-89,541,53,37,9,148,125,147,126
Lactuca_tatarica,-95.84715,40.386734,109,131,30,10398,320,-108,428,217,-31,239,-31,841,110,21,48,327,73,323,73
Lactuca_tatarica,-75.927704,40.415565,106,114,31,8882,291,-73,364,197,1,218,-12,1119,110,72,12,322,241,309,245
Lactuca_tatarica,-95.57,40.42,107,127,29,10468,315,-112,427,216,-35,236,-35,854,110,21,48,328,73,325,73
Lactuca_tatarica,-95.43392,40.425385,107,127,29,10502,313,-114,427,216,-37,236,-37,857,110,21,48,327,74,324,74
Lactuca_tatarica,-113.18215,40.445423,108,141,33,9502,339,-82,421,150,-12,234,-12,194,25,12,23,66,38,47,38
Lactuca_tatarica,-118.4031,40.445545,97,180,43,8025,332,-84,416,130,198,204,-1,194,21,7,24,60,30,38,54
Lactuca_tatarica,-106.98738,40.48419,49,181,40,9243,290,-159,449,-57,165,165,-75,491,49,35,9,136,110,110,132
Lactuca_tatarica,-98.946236,40.50623,100,139,32,10118,314,-113,427,205,-33,229,-33,639,104,11,60,289,42,263,42
Lactuca_tatarica,-99.4095,40.508945,100,136,32,9906,310,-106,416,202,-29,226,-29,609,100,11,61,283,40,256,40
Lactuca_tatarica,-98.500336,40.52295,103,138,32,10270,318,-113,431,210,-33,233,-33,673,109,12,57,291,47,263,47
Lactuca_tatarica,-101.05956,40.527027,96,154,35,9662,316,-114,430,195,-29,221,-29,519,91,10,65,258,33,228,33
Lactuca_tatarica,-103,40.53,90,156,36,9206,312,-110,422,183,-26,211,-26,437,82,9,70,229,30,195,30
Lactuca_tatarica,-95.63,40.53,108,128,29,10528,317,-112,429,218,-35,238,-35,845,111,20,48,328,72,324,72
Lactuca_tatarica,-101.693794,40.530396,99,160,37,9570,322,-109,431,198,-22,225,-22,459,82,8,69,233,27,209,27
Lactuca_tatarica,-108.427,40.544,62,187,40,9391,307,-159,466,110,-63,182,-63,287,31,14,22,84,49,74,49
Lactuca_tatarica,-104.40302,40.544754,91,173,39,9025,320,-118,438,183,-24,209,-24,349,61,6,64,171,22,149,22
Lactuca_tatarica,-105.0836,40.5717,90,159,39,8371,299,-102,401,131,-15,201,-15,373,66,10,52,159,32,126,32
Lactuca_tatarica,-105.0781,40.5755,91,159,39,8439,301,-102,403,133,-15,203,-15,369,65,10,54,159,31,126,31
Lactuca_tatarica,-105.2176,40.5768,74,154,40,7814,279,-100,379,154,-22,178,-22,391,64,11,51,165,35,142,35
Lactuca_tatarica,-102.348564,40.593815,96,163,37,9383,319,-111,430,192,-23,219,-23,449,85,10,69,233,31,196,31
Lactuca_tatarica,-108.202446,40.608315,52,184,40,9260,294,-165,459,47,-70,171,-70,331,34,19,17,95,63,83,63
Lactuca_tatarica,-105.3147,40.6209,52,150,41,7383,253,-107,360,127,-36,151,-36,411,60,13,48,169,41,157,41
Lactuca_tatarica,-119.68465,40.634415,94,169,43,7573,319,-72,391,8,191,195,1,234,29,8,34,84,31,37,80
Lactuca_tatarica,-105.45632,40.648766,43,151,41,7400,244,-117,361,117,-46,142,-46,427,59,16,43,167,50,158,50
Lactuca_tatarica,-106.338974,40.662437,24,166,41,8228,245,-155,400,108,-68,131,-80,623,59,41,10,172,138,166,140
Lactuca_tatarica,-111.92549,40.67071,106,137,33,9075,331,-73,404,97,226,226,-9,406,52,20,26,140,70,70,95
Lactuca_tatarica,-105.3147,40.7196,66,152,40,7765,272,-103,375,145,-28,170,-28,380,60,11,51,161,35,142,35
Lactuca_tatarica,-103.105034,40.729107,96,164,37,9441,324,-114,438,193,-24,220,-24,406,78,7,74,218,24,184,24
Lactuca_tatarica,-103.1067,40.7367,96,164,37,9441,324,-114,438,193,-24,220,-24,406,78,7,74,218,24,184,24
Lactuca_tatarica,-95.599945,40.743126,105,125,29,10646,312,-116,428,216,-41,235,-41,845,111,19,49,329,70,325,70
Lactuca_tatarica,-96.68857,40.784046,107,125,29,10569,317,-109,426,216,-35,240,-35,754,107,16,52,302,60,294,60
Lactuca_tatarica,-105.2176,40.7947,76,154,39,8067,285,-101,386,159,-23,184,-23,369,62,10,53,159,32,134,32
Lactuca_tatarica,-104,40.8,80,172,40,8896,308,-121,429,171,-31,197,-31,374,66,5,70,193,21,172,21
Lactuca_tatarica,-104.7243,40.8358,83,159,39,8519,300,-105,405,170,-22,196,-22,366,63,8,60,171,26,146,26
Lactuca_tatarica,-99.074486,40.855145,94,142,32,10218,311,-121,432,201,-40,225,-40,633,104,11,59,287,44,260,44
Lactuca_tatarica,-104.8195,40.8648,82,157,39,8393,295,-103,398,168,-22,194,-22,368,64,9,59,170,28,144,28
Lactuca_tatarica,-98.50242,40.865864,99,137,31,10352,313,-120,433,207,-39,230,-39,656,105,12,57,288,48,259,48
Lactuca_tatarica,-104.572,40.8794,82,163,39,8586,303,-109,412,170,-24,196,-24,367,63,8,63,177,25,154,25
Lactuca_tatarica,-110.96586,40.88364,8,133,37,7745,209,-146,355,-77,112,112,-82,647,70,38,20,197,120,120,193
Lactuca_tatarica,-109.50504,40.889908,62,153,37,8798,286,-126,412,102,-50,176,-50,274,34,12,29,93,41,76,41
Lactuca_tatarica,-96.13904,40.91335,101,127,29,10390,308,-117,425,208,-39,230,-39,809,112,19,50,324,66,315,66
Lactuca_tatarica,-104.2292,40.9229,82,171,40,8770,310,-115,425,171,-27,198,-27,368,63,6,69,187,22,167,22
Lactuca_tatarica,-104.2,41,82,171,40,8766,311,-114,425,172,-27,198,-27,372,64,6,67,189,22,169,22
Lactuca_tatarica,-104.15,41.05,81,171,40,8729,310,-112,422,170,-27,197,-27,380,65,6,68,192,22,171,22
Lactuca_tatarica,-90.22472,41.07444,98,112,27,10282,295,-109,404,223,-43,223,-43,934,109,33,33,313,125,313,125
Lactuca_tatarica,-96.110085,41.114,101,121,28,10490,306,-115,421,210,-40,232,-40,773,109,17,52,311,60,300,60
Lactuca_tatarica,-115.35414,41.131016,62,181,42,8151,301,-126,427,99,163,169,-42,313,39,14,27,98,48,60,84
Lactuca_tatarica,-98.97306,41.22217,93,146,33,10127,310,-125,435,199,-40,222,-40,634,104,11,58,284,45,258,45
Lactuca_tatarica,-111.91743,41.295677,75,142,34,8919,301,-106,407,65,192,192,-39,585,63,22,27,182,86,86,172
Lactuca_tatarica,-96.14738,41.2995,101,119,28,10546,305,-114,419,210,-42,232,-42,759,108,15,52,303,55,288,55
Lactuca_tatarica,-104.68602,41.315456,73,152,39,8244,286,-100,386,156,-27,184,-27,392,67,11,58,182,34,155,34
Lactuca_tatarica,-95.54589,41.33965,93,123,28,10693,300,-127,427,205,-53,225,-53,817,114,19,50,322,67,310,67
Lactuca_tatarica,-121.13861,41.345276,83,167,45,6738,293,-72,365,8,169,171,0,442,59,7,46,172,40,45,163
Lactuca_tatarica,-99.726685,41.393948,88,149,34,9947,305,-126,431,191,-41,216,-41,582,99,11,62,274,37,254,37
Lactuca_tatarica,-118.1169,41.411068,99,173,41,8091,335,-77,412,4,200,207,-1,220,26,7,30,73,30,39,66
Lactuca_tatarica,-113.09714,41.514923,91,147,34,9175,324,-97,421,131,-26,212,-26,280,37,18,22,94,57,72,57
Lactuca_tatarica,-96.22308,41.527245,98,122,28,10589,305,-118,423,208,-46,229,-46,763,110,16,51,303,59,286,59
Lactuca_tatarica,-103.715294,41.542896,84,162,38,8881,307,-110,417,176,-26,203,-26,401,72,10,63,198,31,163,31
Lactuca_tatarica,-100.47602,41.555668,86,154,35,9995,310,-128,438,189,-43,215,-43,544,92,11,63,261,37,230,37
Lactuca_tatarica,-98.51541,41.562534,89,146,33,10423,306,-136,442,197,-50,220,-50,642,100,11,56,278,45,263,45
Lactuca_tatarica,-101.0596,41.56966,86,153,35,9936,310,-126,436,189,-43,214,-43,498,86,12,61,237,39,202,39
Lactuca_tatarica,-101.696304,41.571594,81,151,35,9781,302,-128,430,182,-45,208,-45,458,63,25,31,170,81,145,81
Lactuca_tatarica,-111.238686,41.619015,33,166,39,8707,264,-156,420,75,-79,145,-79,328,35,22,15,98,70,78,70
Lactuca_tatarica,-102.34351,41.622036,84,161,36,9602,307,-129,436,182,-40,208,-40,433,81,9,66,218,30,180,30
Lactuca_tatarica,-105.74358,41.64932,51,151,39,8183,268,-115,383,135,-49,160,-49,322,48,12,44,130,38,113,38
Lactuca_tatarica,-108.8941,41.65759,51,155,37,9199,284,-134,418,145,-65,172,-65,212,32,10,34,76,33,61,33
Lactuca_tatarica,-95.80993,41.687153,94,123,28,10663,302,-125,427,205,-51,226,-51,785,113,18,51,315,63,299,63
Lactuca_tatarica,-111.74895,41.690983,20,143,37,8060,234,-144,378,-64,127,127,-78,596,60,32,19,177,110,110,175
Lactuca_tatarica,-106.93049,41.691254,58,146,36,8807,284,-115,399,98,-50,175,-50,267,38,13,30,94,41,72,41
Lactuca_tatarica,-103.01284,41.694378,91,165,38,9356,318,-115,433,187,-26,215,-26,416,78,9,68,213,28,175,28
Lactuca_tatarica,-98.06278,41.704716,89,141,32,10340,303,-133,436,195,-48,219,-48,664,106,12,56,291,48,271,48
Lactuca_tatarica,-111.82,41.73,86,137,33,9171,314,-92,406,76,199,206,-32,474,52,19,24,152,78,79,123
Lactuca_tatarica,-111.79,41.74,54,149,36,8603,279,-124,403,41,160,166,-56,500,50,23,20,149,88,89,138
Lactuca_tatarica,-103.70872,41.850277,89,164,38,9200,314,-114,428,184,-27,211,-27,368,70,8,68,188,27,148,27
Lactuca_tatarica,-88.08593,41.85171,93,113,28,10088,291,-109,400,217,-44,217,-44,930,106,34,30,309,135,309,135
Lactuca_tatarica,-96.32147,41.8542,94,127,29,10702,306,-125,431,206,-51,226,-51,745,111,15,52,306,58,284,58
Lactuca_tatarica,-88.769104,41.894154,86,114,27,10448,287,-124,411,214,-57,214,-57,926,109,30,33,316,121,316,121
Lactuca_tatarica,-98.98241,41.894207,89,143,32,10379,309,-130,439,197,-48,221,-48,596,96,11,57,262,43,252,43
Lactuca_tatarica,-87.65018,41.8981,99,98,25,9851,287,-92,379,222,-33,222,-33,918,100,38,27,297,146,297,146
Lactuca_tatarica,-96.78837,41.916355,92,131,29,10905,308,-134,442,206,-57,227,-57,717,111,14,54,302,57,275,57
Lactuca_tatarica,-97.19041,41.922035,94,133,30,10749,311,-129,440,206,-50,228,-50,688,112,14,54,300,57,268,57
Lactuca_tatarica,-88.43238,41.935616,87,115,28,10269,287,-120,407,213,-53,213,-53,933,108,33,32,317,129,317,129
Lactuca_tatarica,-95.383705,42.039143,87,119,27,10859,294,-133,427,199,-62,220,-62,773,113,18,52,309,64,299,64
Lactuca_tatarica,-95.95336,42.050438,95,125,29,10794,304,-127,431,207,-53,227,-53,741,111,15,53,304,55,288,55
Lactuca_tatarica,-104.3555,42.089336,88,176,40,8876,319,-113,432,180,-22,207,-22,342,66,7,68,172,23,133,23
Lactuca_tatarica,-98.071526,42.17773,88,138,31,10511,306,-132,438,198,-52,221,-52,609,100,12,56,266,45,252,45
Lactuca_tatarica,-111.81034,42.182774,72,152,36,9047,307,-110,417,65,183,189,-46,398,47,20,19,122,75,79,100
Lactuca_tatarica,-112.52176,42.207962,57,153,37,8694,290,-121,411,46,165,170,-54,424,47,26,16,122,82,91,114
Lactuca_tatarica,-103.082184,42.212616,84,152,36,9265,307,-113,420,178,-32,206,-32,430,81,11,67,215,33,175,33
Lactuca_tatarica,-113.61088,42.27151,56,149,38,8132,275,-116,391,87,121,163,-46,365,45,23,20,114,73,91,92
Lactuca_tatarica,-88.451935,42.32425,84,115,28,10306,287,-123,410,211,-57,211,-57,914,106,32,32,315,124,315,124
Lactuca_tatarica,-114.66192,42.35332,82,148,38,7957,301,-83,384,115,182,187,-18,261,34,11,29,85,40,52,70
Lactuca_tatarica,-95.51308,42.38146,81,126,28,11093,294,-145,439,196,-71,217,-71,770,116,16,53,314,59,308,59
Lactuca_tatarica,-96.03664,42.3881,89,126,28,10968,301,-135,436,203,-60,224,-60,719,109,15,53,297,55,284,55
Lactuca_tatarica,-87.776596,42.43335,86,97,26,9603,267,-106,373,204,-44,204,-44,865,98,32,30,288,128,288,128
Lactuca_tatarica,-103.77126,42.48078,72,169,38,9339,305,-134,439,167,-46,195,-46,389,77,9,68,199,29,157,29
Lactuca_tatarica,-102.434456,42.49728,79,159,36,9700,307,-130,437,178,-45,205,-45,459,80,9,67,233,32,199,32
Lactuca_tatarica,-101.11878,42.54292,85,152,34,9916,311,-124,435,187,-43,213,-43,509,84,10,63,248,36,221,36
Lactuca_tatarica,-116.16835,42.563374,55,168,42,7636,283,-114,397,-30,152,156,-40,369,44,13,33,132,50,62,121
Lactuca_tatarica,-97.24948,42.598007,87,130,29,10870,303,-137,440,199,-58,222,-58,617,98,12,53,262,48,244,48
Lactuca_tatarica,85.5,42.6,-78,101,26,10324,108,-278,386,44,-221,44,-221,298,74,1,106,199,5,199,5
Lactuca_tatarica,-97.88067,42.634373,93,134,29,10921,315,-132,447,206,-54,229,-54,526,81,11,54,224,40,215,40
Lactuca_tatarica,-121.64664,42.684837,62,163,45,6658,276,-83,359,-13,148,150,-19,519,87,10,57,242,47,53,221
Lactuca_tatarica,-103.13577,42.708786,86,159,35,9742,318,-127,445,184,-38,213,-38,408,73,10,66,205,30,169,30
Lactuca_tatarica,-96.21608,42.73672,87,128,28,11083,302,-140,442,202,-63,223,-63,682,105,15,53,283,53,275,53
Lactuca_tatarica,-78.784904,42.75495,82,104,29,9068,266,-91,357,101,-30,195,-38,1032,100,65,12,282,218,270,241
Lactuca_tatarica,-109.91962,42.761066,14,178,39,9236,253,-195,448,108,-88,132,-106,280,37,15,27,95,52,84,52
Lactuca_tatarica,-120.385895,42.792236,73,154,43,6820,281,-70,351,-3,161,164,-8,312,38,13,28,106,45,59,98
Lactuca_tatarica,-96.65154,42.831917,86,131,29,11159,304,-145,449,202,-66,223,-66,665,104,12,54,279,50,269,50
Lactuca_tatarica,-96.97375,42.917103,82,133,29,11316,305,-153,458,200,-72,222,-72,629,101,11,55,271,46,258,46
Lactuca_tatarica,-106.80461,42.965153,66,148,35,9185,297,-121,418,106,-49,188,-49,294,52,11,47,127,36,83,36
Lactuca_tatarica,-114.80003,42.965324,95,150,36,8783,329,-77,406,-5,204,210,-16,258,39,6,49,109,24,33,102
Lactuca_tatarica,-105.50418,42.97489,73,153,37,8902,301,-111,412,111,-35,192,-35,341,63,11,54,156,36,111,36
Lactuca_tatarica,-97.88343,42.99299,92,133,29,11086,315,-136,451,206,-58,229,-58,571,88,11,54,247,43,229,43
Lactuca_tatarica,-97.38676,43.00896,84,131,28,11249,307,-148,455,200,-69,223,-69,590,93,11,54,253,43,238,43
Lactuca_tatarica,-108.62899,43.028427,68,162,35,9829,307,-146,453,119,-59,195,-59,233,48,6,61,114,21,65,21
Lactuca_tatarica,-104.47341,43.050602,77,164,37,9481,313,-128,441,174,-42,203,-42,366,66,9,61,173,30,138,30
Lactuca_tatarica,-118.970856,43.070633,68,161,43,7036,281,-86,367,-13,157,162,-19,285,32,11,26,91,46,55,80
Lactuca_tatarica,-96.17742,43.082977,81,128,28,11227,299,-148,447,198,-73,218,-73,687,107,15,53,282,54,282,54
Lactuca_tatarica,-100.72888,43.179626,80,148,33,10365,310,-136,446,186,-55,213,-55,494,84,8,64,242,32,214,32
Lactuca_tatarica,-99.17848,43.197643,85,143,31,10765,313,-139,452,195,-58,221,-58,607,95,12,56,268,45,237,45
Lactuca_tatarica,-117.63358,43.20554,88,171,42,7923,322,-82,404,-6,186,194,-11,261,28,10,27,81,39,51,73
Lactuca_tatarica,-98.59471,43.20619,88,136,30,10988,315,-138,453,201,-59,226,-59,587,97,11,56,257,44,233,44
Lactuca_tatarica,-112.39844,43.21648,74,151,36,9070,305,-113,418,119,182,190,-46,265,32,14,21,85,48,58,67
Lactuca_tatarica,-103.51636,43.245476,82,167,37,9742,318,-130,448,181,-30,209,-43,411,72,9,64,204,31,170,31
Lactuca_tatarica,-96.72193,43.27942,78,131,28,11318,298,-157,455,195,-76,216,-76,632,101,12,54,263,48,261,48
Lactuca_tatarica,-97.15118,43.310085,77,132,28,11496,303,-160,463,196,-80,219,-80,613,97,12,53,256,47,246,47
Lactuca_tatarica,-97.74759,43.33536,84,132,28,11275,308,-148,456,201,-68,224,-68,584,92,11,55,252,43,233,43
Lactuca_tatarica,-99.88384,43.34169,94,143,31,10645,325,-124,449,203,-45,230,-45,557,88,12,59,255,41,224,41
Lactuca_tatarica,-96.20907,43.373077,76,130,28,11287,298,-156,454,215,-77,215,-77,672,105,14,52,278,52,278,52
Lactuca_tatarica,-95.61935,43.377346,69,123,27,11558,289,-166,455,210,-90,210,-90,708,105,14,53,293,54,293,54
Lactuca_tatarica,-111.6016,43.379543,41,140,35,8596,260,-136,396,79,147,152,-69,411,48,26,17,124,88,97,103
Lactuca_tatarica,-113.97844,43.394276,49,160,37,8992,283,-142,425,-53,159,165,-68,374,49,16,33,136,56,68,133
Lactuca_tatarica,-116.2431,43.448193,104,140,36,8301,324,-57,381,6,207,213,-1,295,36,7,36,105,35,42,95
Lactuca_tatarica,-116.70704,43.625748,106,147,37,8450,329,-63,392,3,207,216,-3,274,34,7,35,98,34,40,92
Lactuca_tatarica,-97.78891,43.66496,80,127,27,11365,304,-150,454,198,-73,221,-73,571,91,11,56,245,40,230,40
Lactuca_tatarica,-92.75089,43.67181,66,114,26,11276,278,-160,438,203,-89,203,-89,814,112,20,50,328,71,328,71
Lactuca_tatarica,-95.75732,43.6725,66,124,27,11552,288,-168,456,207,-92,207,-92,699,102,14,51,283,54,283,54
Lactuca_tatarica,-94.556725,43.67716,74,115,25,11459,288,-155,443,213,-83,213,-83,737,107,18,51,305,60,305,60
Lactuca_tatarica,-103.456825,43.68042,73,157,38,8796,293,-118,411,161,-36,190,-36,477,89,8,71,249,31,214,31
Lactuca_tatarica,-96.7859,43.68146,72,127,27,11440,295,-162,457,190,-83,213,-83,621,98,12,54,256,46,252,46
Lactuca_tatarica,-101.636475,43.697,92,154,34,10375,328,-124,452,197,-42,226,-42,422,79,7,67,212,25,181,25
Lactuca_tatarica,-98.56683,43.716927,84,135,29,11270,315,-146,461,199,-68,224,-68,554,90,10,56,246,39,218,39
Lactuca_tatarica,-99.0646,43.718227,80,141,30,11060,312,-148,460,193,-66,219,-66,527,86,9,60,241,34,214,34
Lactuca_tatarica,-113.17393,43.724766,31,160,37,9123,264,-168,432,75,40,147,-88,331,40,17,23,106,66,90,84
Lactuca_tatarica,-111.21255,43.75495,42,153,36,8892,270,-145,415,84,-16,156,-72,449,56,30,20,139,97,110,112
Lactuca_tatarica,-111.65697,43.787666,51,147,35,8984,277,-134,411,96,159,165,-67,378,46,23,20,119,76,90,95
Lactuca_tatarica,-70.331345,43.80825,73,112,29,9313,262,-120,382,30,183,191,-51,1158,126,81,13,339,248,253,292
Lactuca_tatarica,-112.30547,43.821503,59,164,35,9802,306,-151,457,111,-48,183,-71,238,35,15,33,88,48,65,51
Lactuca_tatarica,-104.563095,43.835648,74,157,35,9960,313,-135,448,176,-54,204,-54,351,63,8,63,171,29,143,29
Lactuca_tatarica,-99.84973,43.900475,82,150,31,11229,324,-150,474,197,-66,224,-66,477,80,9,62,222,31,200,31
Lactuca_tatarica,-107.68429,43.90722,70,172,35,10147,320,-165,485,124,-63,202,-63,253,44,9,49,112,30,72,30
Lactuca_tatarica,-100.685814,43.95178,82,142,31,10713,315,-137,452,191,-57,219,-57,469,84,9,61,223,34,195,34
Lactuca_tatarica,-102.820045,44.006947,82,142,32,9942,306,-125,431,182,-28,212,-45,430,80,9,66,212,33,179,33
Lactuca_tatarica,-93.58991,44.019073,66,118,25,11661,283,-172,455,207,-95,207,-95,781,108,21,48,316,71,316,71
Lactuca_tatarica,-97.121666,44.019623,68,124,26,11628,292,-169,461,188,-91,210,-91,606,97,12,53,251,47,248,47
Lactuca_tatarica,-95.761284,44.01982,66,121,26,11600,288,-167,455,187,-93,208,-93,675,98,14,51,272,51,268,51
Lactuca_tatarica,-96.253815,44.02463,63,129,28,11467,288,-171,459,182,-93,204,-93,648,101,13,53,270,46,264,46
Lactuca_tatarica,-92.86205,44.026863,66,117,26,11351,281,-164,445,204,-90,204,-90,792,111,19,49,321,68,321,68
Lactuca_tatarica,-94.06363,44.032803,70,119,26,11601,287,-165,452,211,-89,211,-89,758,109,19,50,317,66,317,66
Lactuca_tatarica,-106.5874,44.039658,67,163,36,9276,298,-144,442,111,-51,189,-51,325,60,10,59,155,31,111,31
Lactuca_tatarica,-98.6224,44.06216,76,127,28,11309,304,-149,453,191,-75,218,-75,547,86,10,57,242,38,213,38
Lactuca_tatarica,-99.200584,44.083965,73,144,30,11345,310,-162,472,188,-78,215,-78,474,79,7,62,220,28,201,28
Lactuca_tatarica,-120.35894,44.131687,73,168,45,6800,289,-78,367,-7,159,163,-11,314,42,15,31,115,49,62,97
Lactuca_tatarica,-111.48447,44.217247,31,154,36,9058,260,-157,417,-72,140,147,-86,559,66,29,25,184,94,112,183
Lactuca_tatarica,-114.29396,44.231747,36,168,39,8608,268,-154,422,78,103,146,-76,315,38,18,22,97,65,83,84
Lactuca_tatarica,-105.54864,44.240112,65,146,33,9535,296,-135,431,108,-57,190,-57,392,72,13,59,185,42,141,42
Lactuca_tatarica,-92.23947,44.281994,69,124,27,11256,286,-166,452,205,-87,205,-87,811,115,19,48,320,73,320,73
Lactuca_tatarica,-112.37561,44.284645,52,151,34,9528,291,-143,434,147,-57,174,-71,251,40,12,42,100,44,80,48
Lactuca_tatarica,-94.24546,44.34232,67,119,26,11609,284,-170,454,208,-92,208,-92,736,109,19,51,310,63,310,63
Lactuca_tatarica,-103.790855,44.363728,63,126,33,8633,268,-109,377,100,-30,179,-43,672,105,27,45,290,92,217,93
Lactuca_tatarica,-96.79338,44.36582,61,126,26,11715,287,-181,468,181,-100,204,-100,579,100,10,59,256,36,254,36
Lactuca_tatarica,-97.48981,44.368958,69,125,26,11707,298,-167,465,189,-90,213,-90,587,98,13,56,256,44,244,44
Lactuca_tatarica,-120.1167,44.3764,45,154,43,6654,251,-101,352,-31,130,133,-37,481,65,18,36,187,66,77,164
Lactuca_tatarica,-99.98678,44.393093,76,147,30,11558,321,-163,484,193,-56,221,-79,460,79,9,59,211,35,195,35
Lactuca_tatarica,-100.74817,44.40034,82,137,30,10999,316,-139,455,193,-43,222,-63,436,79,8,63,209,31,183,31
Lactuca_tatarica,-96.27164,44.40828,64,120,26,11582,287,-168,455,184,-94,206,-94,628,98,13,54,266,45,259,45
Lactuca_tatarica,-98.278015,44.41206,73,132,28,11541,305,-162,467,192,-81,218,-81,513,85,10,57,228,37,206,37
Lactuca_tatarica,-95.84041,44.41447,69,119,26,11648,291,-162,453,190,-90,212,-90,644,93,15,50,264,52,257,52
Lactuca_tatarica,-116.77904,44.44899,84,156,37,9013,320,-98,418,-24,191,199,-36,465,70,10,50,200,45,55,190
Lactuca_tatarica,-109.56323,44.493416,35,153,40,7773,247,-135,382,67,-60,138,-60,439,59,22,31,159,73,128,73
Lactuca_tatarica,-107.987495,44.525536,73,168,35,10188,319,-156,475,129,-62,203,-62,216,37,8,49,94,29,67,29
Lactuca_tatarica,-99.48216,44.554626,68,143,29,11543,308,-169,477,185,-86,212,-86,474,79,9,59,214,33,201,33
Lactuca_tatarica,-104.56408,44.59008,64,150,34,9575,292,-138,430,111,-58,189,-58,437,79,15,56,198,48,163,48
Lactuca_tatarica,-100.1309,44.714832,76,138,29,11534,318,-155,473,193,-78,221,-78,458,78,10,58,209,37,192,37
Lactuca_tatarica,-95.863304,44.719036,68,123,26,11752,292,-169,461,190,-93,211,-93,626,91,18,49,254,56,254,56
Lactuca_tatarica,-120.02321,44.725727,82,153,44,6565,286,-59,345,6,166,169,1,370,46,14,31,129,52,64,111
Lactuca_tatarica,-106.88206,44.79411,70,163,36,9427,305,-137,442,117,-51,193,-51,362,62,13,51,163,44,112,44
Lactuca_tatarica,-93.79808,44.82052,65,121,26,11648,286,-175,461,206,-95,206,-95,744,109,19,50,310,63,310,63
Lactuca_tatarica,-97.72736,44.86019,61,125,26,11698,286,-177,463,180,-97,205,-97,542,92,12,57,244,41,235,41
Lactuca_tatarica,-116.45468,44.895847,50,159,39,8115,278,-121,399,-43,149,155,-55,641,88,18,40,247,75,90,239
Lactuca_tatarica,-103.491264,44.90914,72,145,32,10299,304,-139,443,126,-62,205,-62,440,84,10,64,213,37,172,37
Lactuca_tatarica,-98.34652,44.939873,64,138,28,11918,303,-182,485,186,-98,211,-98,489,84,9,60,222,34,208,34
Lactuca_tatarica,-97.17871,44.976257,59,126,26,11793,286,-181,467,180,-101,204,-101,556,95,13,58,251,41,245,41
Lactuca_tatarica,-101.66943,44.982243,68,141,30,11078,306,-155,461,181,-58,209,-77,428,79,8,66,211,30,178,30
Lactuca_tatarica,-96.1753,45.000954,69,130,27,11772,298,-171,469,213,-92,213,-92,604,92,16,51,249,50,249,50
Lactuca_tatarica,-93.47489,45.00337,67,117,25,11538,285,-168,453,207,-91,207,-91,754,111,20,50,314,68,314,68
Lactuca_tatarica,-95.5638,45.02851,64,121,26,11887,287,-177,464,208,-99,208,-99,563,87,19,51,247,58,247,58
Lactuca_tatarica,-99.94969,45.064125,62,136,28,11602,302,-171,473,181,-93,207,-93,463,78,9,59,208,35,195,35
Lactuca_tatarica,-99.14959,45.068684,66,139,29,11466,302,-167,469,182,-88,208,-88,479,84,10,60,217,33,204,33
Lactuca_tatarica,-112.89569,45.11615,44,157,38,8380,269,-136,405,128,-62,153,-62,268,49,7,57,121,26,106,26
Lactuca_tatarica,-100.87532,45.158592,70,132,28,11310,304,-156,460,186,-59,213,-80,447,79,9,61,208,34,182,34
Lactuca_tatarica,-121.163155,45.16326,99,146,42,6788,302,-39,341,19,185,188,15,391,61,9,51,174,40,42,159
Lactuca_tatarica,-96.77181,45.173035,63,130,27,11760,293,-177,470,184,-97,207,-97,559,91,12,57,245,39,241,39
Lactuca_tatarica,-109.021805,45.232086,74,162,37,9068,304,-127,431,120,-43,192,-43,312,60,10,54,141,36,92,36
Lactuca_tatarica,-93.24083,45.274162,66,115,25,11587,283,-169,452,207,-93,207,-93,752,112,21,50,314,69,314,69
Lactuca_tatarica,-111.921616,45.29589,37,142,37,8034,249,-130,379,117,-62,143,-62,441,66,18,39,169,64,144,64
Lactuca_tatarica,-118.01127,45.315044,93,138,39,7267,303,-49,352,10,185,189,3,471,56,15,31,160,61,75,148
Lactuca_tatarica,-97.60535,45.36945,60,128,27,11944,293,-181,474,182,-102,207,-102,521,88,12,60,236,39,233,39
Lactuca_tatarica,-105.63599,45.3823,69,154,34,9789,305,-139,444,120,-58,197,-58,373,69,11,57,173,41,131,41
Lactuca_tatarica,-120.687485,45.408504,91,127,38,6960,282,-45,327,9,180,182,4,312,45,9,44,132,36,39,118
Lactuca_tatarica,-96.41312,45.426823,63,126,26,11896,292,-177,469,208,-99,208,-99,576,91,14,53,244,45,244,45
Lactuca_tatarica,-100.02735,45.42771,60,134,28,11770,298,-176,474,180,-99,206,-99,449,80,9,61,206,32,192,32
Lactuca_tatarica,-107.48976,45.429447,74,167,37,9399,312,-139,451,122,-48,196,-48,403,64,17,45,172,58,112,58
Lactuca_tatarica,-93.768105,45.440353,61,125,26,11752,288,-181,469,204,-101,204,-101,745,113,21,50,310,69,310,69
Lactuca_tatarica,-102.48294,45.49638,67,146,31,10820,304,-154,458,177,-75,205,-75,420,79,9,64,203,31,170,31
Lactuca_tatarica,-110.52092,45.498333,19,145,38,7836,230,-145,375,51,-77,123,-77,633,80,36,24,212,127,179,127
Lactuca_tatarica,-104.538055,45.502098,63,152,33,10316,298,-156,454,169,-71,197,-71,365,69,11,61,175,35,140,35
Lactuca_tatarica,-94.61004,45.55451,62,118,25,12029,287,-182,469,207,-104,207,-104,697,111,18,52,289,59,289,59
Lactuca_tatarica,-111.173515,45.55805,55,139,35,8418,271,-118,389,93,-50,165,-50,505,78,20,40,201,69,149,69
Lactuca_tatarica,-117.17291,45.57748,45,148,40,7201,255,-108,363,-39,135,138,-47,526,57,22,25,166,84,104,154
Lactuca_tatarica,-96.00057,45.58463,57,121,25,12002,283,-185,468,203,-107,203,-107,581,89,15,53,252,49,252,49
Lactuca_tatarica,-103.49758,45.59065,68,151,33,10526,306,-149,455,175,-70,202,-70,389,80,8,70,199,27,164,27
Lactuca_tatarica,-95.44732,45.59338,60,119,25,12055,285,-185,470,206,-106,206,-106,560,83,15,53,245,50,245,50
Lactuca_tatarica,-96.94756,45.623554,65,127,26,11943,297,-176,473,188,-97,211,-97,537,85,13,56,233,40,228,40
Lactuca_tatarica,-109.38881,45.67411,76,159,37,8742,303,-117,420,119,-36,191,-36,382,75,13,56,170,42,117,42
Lactuca_tatarica,-101.184326,45.720627,69,138,29,11466,307,-163,470,186,-84,213,-84,409,77,7,65,195,26,174,26
Lactuca_tatarica,-100.047745,45.76052,61,138,28,11887,301,-182,483,182,-100,208,-100,427,80,8,63,200,28,186,28
Lactuca_tatarica,-97.60154,45.762753,57,129,26,12163,293,-190,483,181,-109,206,-109,499,89,11,62,229,35,224,35
Lactuca_tatarica,-99.2239,45.765064,53,137,28,11842,292,-187,479,174,-107,199,-107,469,88,10,63,220,31,208,31
Lactuca_tatarica,-96.46993,45.771538,64,126,26,12041,297,-178,475,188,-101,210,-101,558,91,14,55,238,45,238,45
Lactuca_tatarica,-109.943375,45.814068,72,148,37,8309,292,-104,396,111,-30,184,-30,386,71,11,55,173,40,130,40
Lactuca_tatarica,-120.789116,45.87375,86,138,41,6884,284,-50,334,4,176,176,-1,423,77,7,66,215,35,35,197
Lactuca_tatarica,-112.65761,45.895954,37,149,37,8222,254,-139,393,119,-67,144,-67,343,58,12,47,142,45,128,45
Lactuca_tatarica,-93.63252,45.92954,46,126,26,11908,273,-203,476,190,-119,190,-119,736,113,17,52,314,63,314,63
Lactuca_tatarica,-96.01079,45.931835,52,122,25,12347,283,-200,483,201,-118,201,-118,585,96,14,56,257,47,257,47
Lactuca_tatarica,-108.271736,45.935287,79,161,36,9368,309,-127,436,129,-43,200,-43,350,62,12,53,158,40,112,40
Lactuca_tatarica,-95.45444,45.935997,52,114,24,12156,275,-196,471,199,-115,199,-115,635,101,16,52,270,55,270,55
Lactuca_tatarica,-97.62929,46.106625,53,131,26,12344,291,-198,489,180,-116,204,-116,493,87,12,59,222,36,218,36
Lactuca_tatarica,-98.49394,46.109444,55,136,28,12056,294,-189,483,178,-109,203,-109,506,90,11,60,228,37,217,37
Lactuca_tatarica,-103.51939,46.113384,60,143,31,10621,293,-157,450,168,-80,196,-80,390,83,9,70,199,29,169,29
Lactuca_tatarica,-99.43928,46.118797,47,137,28,12011,288,-196,484,170,-116,195,-116,447,87,9,66,214,29,204,29
Lactuca_tatarica,-112.10538,46.177483,51,152,38,8282,271,-129,400,134,-53,160,-53,335,56,11,51,144,43,126,43
Lactuca_tatarica,-107.26584,46.20305,72,163,35,9788,312,-142,454,123,-56,199,-56,362,64,11,54,162,42,118,42
Lactuca_tatarica,-106.724396,46.225807,74,160,34,10096,316,-145,461,128,-58,205,-58,336,61,10,58,156,36,118,36
Lactuca_tatarica,-105.58011,46.26506,69,149,32,10592,310,-154,464,126,-70,205,-70,348,68,9,60,163,34,133,34
Lactuca_tatarica,-96.95128,46.265335,56,126,25,12353,291,-195,486,206,-113,206,-113,520,87,12,58,232,39,232,39
Lactuca_tatarica,-100.23685,46.284744,56,143,29,11952,299,-191,490,178,-106,204,-106,422,80,10,62,198,31,185,31
Lactuca_tatarica,-116.74628,46.33121,94,127,37,7332,296,-45,341,8,187,190,3,510,55,22,24,155,80,95,142
Lactuca_tatarica,-111.49536,46.331837,72,151,37,8452,291,-111,402,158,-37,182,-37,290,53,7,58,133,28,117,28
Lactuca_tatarica,-104.411,46.35361,59,152,32,10568,299,-165,464,167,-79,195,-79,343,62,12,50,149,44,131,44
Lactuca_tatarica,-96.47104,46.35533,53,123,25,12418,286,-197,483,204,-117,204,-117,554,93,12,59,248,42,248,42
Lactuca_tatarica,-101.63878,46.357872,54,138,29,11291,290,-174,464,170,-97,196,-97,427,85,8,69,210,27,190,27
Lactuca_tatarica,-109.16747,46.383488,67,156,37,8756,288,-125,413,157,-44,182,-44,351,65,9,60,164,36,136,36
Lactuca_tatarica,-95.71353,46.407906,47,120,25,12332,275,-205,480,196,-122,196,-122,638,106,15,55,281,55,281,55
Lactuca_tatarica,-113.44701,46.420433,10,149,40,7413,222,-146,368,41,-42,108,-80,503,64,29,24,166,105,143,109
Lactuca_tatarica,-102.45589,46.430702,57,140,30,10802,288,-168,456,167,-85,193,-85,419,88,9,70,209,30,186,30
Lactuca_tatarica,-99.476776,46.45013,47,134,27,11961,286,-194,480,169,-116,194,-116,449,86,10,65,214,30,204,30
Lactuca_tatarica,-103.45791,46.452766,58,140,31,10708,290,-160,450,168,-83,195,-83,391,83,9,70,200,29,173,29
Lactuca_tatarica,-120.7389,46.45564,99,140,39,7581,301,-53,354,7,191,197,2,288,51,6,59,141,28,31,130
Lactuca_tatarica,-97.66394,46.458866,50,132,27,12162,285,-198,483,175,-116,198,-116,494,85,11,60,221,36,220,36
Lactuca_tatarica,-98.530106,46.466206,51,133,27,12097,289,-192,481,175,-114,199,-114,495,90,11,60,223,36,218,36
Lactuca_tatarica,-109.84422,46.47139,63,152,38,8205,277,-114,391,146,-40,171,-40,368,69,11,63,177,38,150,38
Lactuca_tatarica,-108.40018,46.485718,80,160,37,9199,310,-121,431,174,-27,200,-38,335,64,10,63,158,34,126,34
Lactuca_tatarica,-120.86611,46.53528,74,128,38,7103,265,-65,330,-11,163,166,-15,452,80,9,64,226,39,43,209
Lactuca_tatarica,-92.68017,46.59019,38,131,27,11372,266,-202,468,176,-118,176,-118,755,107,17,50,309,70,309,70
Lactuca_tatarica,-110.86367,46.591534,45,145,37,8036,258,-125,383,125,-55,151,-55,413,68,15,48,175,56,150,56
Lactuca_tatarica,-120.50472,46.60222,98,143,39,7820,305,-60,365,2,193,199,-2,208,33,5,48,92,24,29,85
Lactuca_tatarica,-101.27821,46.719727,53,139,29,11465,290,-181,471,171,-101,196,-101,430,82,10,65,204,31,193,31
Lactuca_tatarica,-103.37,46.79,59,143,31,10793,293,-164,457,170,-83,196,-83,394,84,8,71,200,28,176,28
Lactuca_tatarica,-102.66407,46.813206,53,135,29,10835,281,-172,453,163,-89,190,-89,422,89,9,67,207,32,190,32
Lactuca_tatarica,-112.94127,46.850338,46,156,38,8061,270,-131,401,128,-1,151,-56,378,51,22,28,129,74,109,89
Lactuca_tatarica,-105.372894,46.853428,65,155,32,10926,308,-166,474,177,-81,204,-81,313,66,6,68,157,24,136,24
Lactuca_tatarica,-117.51906,46.886677,87,131,38,7010,287,-49,336,4,175,179,0,465,65,16,39,181,57,67,167
Lactuca_tatarica,-96.49453,46.898506,49,123,25,12602,283,-206,489,201,-124,201,-124,555,92,11,58,247,43,247,43
Lactuca_tatarica,-97.25219,46.927063,50,128,26,12427,288,-200,488,201,-120,201,-120,498,83,9,60,223,35,223,35
Lactuca_tatarica,-98.069756,46.931923,41,133,27,12280,279,-208,487,190,-128,190,-128,488,87,10,61,221,37,221,37
Lactuca_tatarica,-95.668304,46.932262,37,125,25,12235,264,-217,481,185,-131,185,-131,640,108,14,58,289,52,289,52
Lactuca_tatarica,-103.84393,46.93852,55,143,31,10838,291,-168,459,166,-89,193,-89,378,77,8,66,184,30,163,30
Lactuca_tatarica,-94.32194,46.9462,41,125,26,11885,265,-209,474,186,-122,186,-122,687,104,14,54,298,57,298,57
Lactuca_tatarica,-104.247314,46.961903,57,145,31,10773,295,-166,461,167,-86,194,-86,364,72,8,64,175,29,157,29
Lactuca_tatarica,-99.77894,46.97674,50,135,27,12139,290,-195,485,174,-116,198,-116,425,84,10,65,204,31,191,31
Lactuca_tatarica,-100.47183,46.97738,49,132,27,11954,285,-193,478,171,-113,196,-113,428,82,11,62,200,37,191,37
Lactuca_tatarica,-98.95502,46.979176,50,132,27,12102,288,-193,481,174,-114,199,-114,449,88,9,66,215,31,213,31
Lactuca_tatarica,-118.55691,46.98899,98,139,38,7822,312,-50,362,3,195,200,-1,252,35,8,37,96,31,35,86
Lactuca_tatarica,-103.36703,47.0353,59,142,30,10936,294,-166,460,171,-86,197,-86,393,84,8,71,198,28,176,28
Lactuca_tatarica,-113.925446,47.040997,12,140,38,7403,221,-141,362,-70,105,110,-78,630,67,36,20,187,126,146,178
Lactuca_tatarica,-94.91357,47.101128,34,125,25,12124,261,-220,481,182,-132,182,-132,676,107,14,56,298,56,298,56
Lactuca_tatarica,-108.261795,47.107452,73,158,35,9656,305,-139,444,171,-53,198,-53,346,69,9,65,168,35,134,35
Lactuca_tatarica,-101.345345,47.112667,49,137,29,11568,285,-185,470,168,-107,193,-107,439,84,10,64,207,33,197,33
Lactuca_tatarica,-112.37704,47.113693,36,142,38,7721,244,-127,371,70,-12,138,-60,474,68,25,33,173,89,147,94
Lactuca_tatarica,-120.67556,47.124405,77,133,38,7633,275,-75,350,-16,171,174,-21,397,69,9,59,193,39,42,176
Lactuca_tatarica,-119.46632,47.207844,104,122,32,8737,313,-64,377,-2,210,216,-8,185,28,5,43,77,20,27,68
Lactuca_tatarica,-109.22201,47.261543,53,146,35,8909,272,-140,412,142,-60,169,-60,468,85,16,54,210,62,173,62
Lactuca_tatarica,-104.901245,47.27321,62,145,31,10977,302,-165,467,174,-84,200,-84,358,72,9,64,173,33,156,33
Lactuca_tatarica,-106.988815,47.281723,63,161,33,10557,307,-167,474,170,-76,198,-76,322,58,8,63,155,32,131,32
Lactuca_tatarica,-101.81696,47.30246,54,137,29,11438,291,-178,469,171,-100,196,-100,429,86,10,66,208,32,192,32
Lactuca_tatarica,-111.35132,47.310528,65,138,35,8256,275,-115,390,147,-39,172,-39,386,68,14,53,171,49,141,49
Lactuca_tatarica,-95.81042,47.325653,39,126,25,12292,269,-216,485,186,-131,186,-131,614,104,14,57,275,54,275,54
Lactuca_tatarica,-96.46256,47.331158,46,124,25,12599,279,-210,489,198,-127,198,-127,568,96,13,57,253,49,253,49
Lactuca_tatarica,-102.61528,47.35819,52,136,28,11344,284,-185,469,167,-100,193,-100,421,89,10,66,206,32,191,32
Lactuca_tatarica,-97.166214,47.447327,45,123,25,12511,282,-204,486,197,-125,197,-125,509,89,12,60,232,40,232,40
Lactuca_tatarica,-97.71868,47.458286,42,127,26,12536,281,-207,488,194,-130,194,-130,505,86,11,58,226,41,226,41
Lactuca_tatarica,-98.88531,47.459774,42,133,27,12250,281,-203,484,192,-125,192,-125,457,87,11,62,213,37,213,37
Lactuca_tatarica,-98.23155,47.463566,43,130,26,12491,284,-206,490,195,-128,195,-128,487,86,10,61,224,38,224,38
Lactuca_tatarica,-93.626335,47.508488,27,132,26,12189,255,-235,490,173,-144,173,-144,686,106,14,56,303,58,303,58
Lactuca_tatarica,-118.41421,47.572052,79,136,37,7790,291,-70,361,-16,174,178,-21,331,46,14,36,126,45,52,112
Lactuca_tatarica,-95.37999,47.572968,32,127,26,12193,262,-223,485,179,-136,179,-136,621,103,13,59,282,50,282,50
Lactuca_tatarica,-92.46223,47.57836,27,124,26,11552,250,-216,466,167,-132,167,-132,716,109,17,54,308,64,308,64
Lactuca_tatarica,-99.67107,47.58084,47,134,27,12220,288,-196,484,173,-119,197,-119,436,84,11,62,205,37,199,37
Lactuca_tatarica,-100.34099,47.581276,46,132,27,12149,288,-192,480,172,-118,196,-118,434,84,11,62,203,37,198,37
Lactuca_tatarica,-101.31539,47.605423,48,131,27,11932,285,-190,475,170,-114,195,-114,414,83,9,67,199,31,192,31
Lactuca_tatarica,-117.403,47.61955,84,118,34,7799,286,-59,345,-8,182,186,-13,479,66,18,38,189,63,75,173
Lactuca_tatarica,-105.80154,47.648987,64,146,31,10817,303,-159,462,174,-80,201,-80,327,66,6,68,166,26,145,26
Lactuca_tatarica,-116.6968,47.67714,76,124,36,7398,277,-63,340,-9,168,173,-16,725,99,25,39,288,94,110,266
Lactuca_tatarica,-103.388756,47.73283,59,143,30,11370,299,-174,473,176,-93,201,-93,382,77,9,67,187,31,168,31
Lactuca_tatarica,-119.694855,47.73995,81,123,32,8800,290,-87,377,-26,187,193,-34,264,39,9,38,105,34,43,94
Lactuca_tatarica,-96.39957,47.774624,41,123,24,12798,277,-217,494,194,-136,194,-136,544,93,12,61,251,43,251,43
Lactuca_tatarica,-104.561134,47.785458,53,146,30,11174,294,-179,473,168,-97,193,-97,367,74,9,66,181,32,163,32
Lactuca_tatarica,-112.233116,47.847992,60,142,35,8489,268,-127,395,145,-48,170,-48,315,63,8,67,156,29,135,29
Lactuca_tatarica,-110.43902,47.87612,70,161,36,9718,304,-143,447,170,-58,194,-58,363,66,12,56,164,46,135,46
Lactuca_tatarica,-96.0965,47.876728,39,126,25,12602,275,-217,492,190,-135,190,-135,558,95,11,62,259,44,259,44
Lactuca_tatarica,-120.64136,47.876957,27,106,33,7148,207,-107,314,-55,119,119,-61,1099,189,25,61,533,105,105,490
Lactuca_tatarica,16.27528,47.90611,93,97,32,7253,254,-45,299,185,12,185,-2,663,83,33,30,240,111,240,112
Lactuca_tatarica,-97.45419,47.918884,39,118,24,12738,273,-212,485,168,-137,192,-137,491,85,10,60,219,42,219,42
Lactuca_tatarica,-97.67,47.92,39,122,25,12660,275,-208,483,192,-135,192,-135,492,83,12,57,221,42,221,42
Lactuca_tatarica,-98.18629,47.922207,36,128,26,12691,277,-215,492,190,-138,190,-138,472,84,10,61,220,38,220,38
Lactuca_tatarica,-94.92345,48.018032,33,124,25,12492,263,-228,491,183,-140,183,-140,592,98,11,63,276,43,276,43
Lactuca_tatarica,-99.36152,48.071705,37,131,26,12513,278,-211,489,166,-134,189,-134,443,81,11,61,204,40,204,40
Lactuca_tatarica,-102.36582,48.20159,38,134,28,11790,275,-199,474,159,-123,183,-123,437,84,11,63,208,37,192,37
Lactuca_tatarica,-101.5452,48.224255,39,129,27,11956,275,-199,474,162,-123,186,-123,438,83,12,60,202,41,192,41
Lactuca_tatarica,-100.63748,48.23247,43,137,27,12252,286,-204,490,169,-124,193,-124,425,77,11,61,195,37,193,37
Lactuca_tatarica,-99.97866,48.249462,43,132,26,12406,285,-204,489,195,-126,195,-126,428,76,10,62,200,36,200,36
Lactuca_tatarica,-98.716225,48.25198,34,127,26,12651,273,-215,488,187,-139,187,-139,437,81,10,65,210,35,210,35
Lactuca_tatarica,-107.92337,48.26163,53,157,33,10862,295,-180,475,164,-93,188,-93,306,57,8,65,154,29,132,29
Lactuca_tatarica,-99.43722,48.28888,35,130,26,12611,276,-216,492,188,-138,188,-138,438,77,11,59,201,40,201,40
Lactuca_tatarica,-114.01874,48.29083,24,128,35,7572,226,-131,357,-61,117,123,-70,753,83,41,22,240,143,167,228
Lactuca_tatarica,-116.59752,48.294716,55,120,35,7478,255,-85,340,-32,147,152,-38,853,118,30,40,345,111,128,314
Lactuca_tatarica,-105.0287,48.295254,52,147,30,11608,298,-188,486,171,-106,195,-106,332,68,7,71,171,26,155,26
Lactuca_tatarica,-103.47722,48.34729,46,135,28,11762,284,-193,477,167,-112,192,-112,372,67,10,60,176,36,163,36
Lactuca_tatarica,-96.37717,48.35407,32,126,25,12922,271,-230,501,186,-147,186,-147,511,89,11,60,234,44,234,44
Lactuca_tatarica,-106.66275,48.355507,53,137,29,11318,289,-180,469,168,-100,194,-100,294,60,7,70,154,25,139,25
Lactuca_tatarica,-97.72282,48.372875,43,125,25,12658,281,-204,485,196,-130,196,-130,477,83,12,59,217,41,217,41
Lactuca_tatarica,-117.852806,48.397022,79,135,35,8422,294,-86,380,-24,178,187,-31,485,67,24,32,179,76,91,160
Lactuca_tatarica,-108.961876,48.435722,58,154,33,10303,291,-163,454,164,-79,188,-79,334,58,10,57,155,40,133,40
Lactuca_tatarica,-117.282486,48.53484,70,126,34,8059,280,-82,362,-27,166,174,-33,676,92,29,36,263,96,114,237
Lactuca_tatarica,-119.74613,48.549908,63,129,34,8496,268,-107,375,-40,166,170,-47,357,46,17,28,125,60,75,118
Lactuca_tatarica,-101.657776,48.712852,35,133,27,12220,274,-210,484,161,-132,184,-132,406,75,10,65,191,33,187,33
Lactuca_tatarica,-104.49989,48.7267,47,147,30,11765,293,-196,489,168,-91,192,-112,334,66,8,70,170,27,156,27
Lactuca_tatarica,-94.90382,48.76754,25,122,24,12683,256,-238,494,178,-150,178,-150,578,97,13,60,267,47,267,47
Lactuca_tatarica,-97.54561,48.768425,35,123,25,12824,271,-219,490,189,-141,189,-141,476,81,12,61,220,39,220,39
Lactuca_tatarica,-98.46303,48.768448,25,126,25,12654,259,-227,486,177,-148,177,-148,453,78,10,65,218,35,218,35
Lactuca_tatarica,-95.79949,48.770348,23,129,25,12809,259,-243,502,175,-155,175,-155,538,92,12,61,250,47,250,47
Lactuca_tatarica,-96.779884,48.775703,29,122,24,12968,267,-230,497,184,-150,184,-150,489,83,12,59,220,46,220,46
Lactuca_tatarica,-105.5465,48.78552,46,134,28,11398,284,-182,466,163,-87,187,-108,318,63,7,70,164,26,149,26
Lactuca_tatarica,-102.519455,48.79033,32,135,27,12118,274,-211,485,157,-106,181,-133,409,73,11,63,192,35,185,35
Lactuca_tatarica,-100.8407,48.79171,35,135,27,12536,276,-217,493,187,-136,187,-136,419,75,10,63,196,36,196,36
Lactuca_tatarica,-103.48727,48.80927,38,134,27,11980,278,-204,482,161,-101,185,-124,364,65,9,65,176,30,169,30
Lactuca_tatarica,-119.60833,49.066666,69,120,33,8269,269,-92,361,-31,70,175,-37,298,35,16,22,90,60,81,86
Lactuca_tatarica,-120.767,49.1,8,104,33,7136,182,-130,312,-74,99,100,-81,715,104,36,38,290,118,120,267
Lactuca_tatarica,-115.28333,49.3,59,132,34,8379,267,-114,381,-43,156,166,-51,654,79,40,25,226,123,145,206
Lactuca_tatarica,-96.109,49.369,18,115,23,12853,250,-240,490,172,-159,172,-159,532,87,15,55,238,57,238,57
Lactuca_tatarica,-112.66111,49.465,54,134,32,9192,260,-147,407,149,-1,170,-66,375,69,13,52,159,48,151,48
Lactuca_tatarica,-111.433,49.483,51,137,32,9763,268,-151,419,152,-10,173,-78,350,61,15,46,141,50,135,53
Lactuca_tatarica,-119.583336,49.6,87,116,33,7950,284,-60,344,169,43,190,-15,314,34,18,20,92,62,89,84
Lactuca_tatarica,-115.6,49.6,57,123,32,8728,262,-120,382,-50,13,168,-58,533,59,30,22,167,104,136,151
Lactuca_tatarica,-115.61667,49.616665,57,123,32,8728,262,-120,382,-50,13,168,-58,533,59,30,22,167,104,136,151
Lactuca_tatarica,-112.84194,49.69361,54,134,32,9239,260,-149,409,150,-1,171,-67,392,69,15,48,159,54,154,55
Lactuca_tatarica,-99.097,49.701,28,127,25,12878,269,-234,503,183,-148,183,-148,452,74,15,57,207,50,207,50
Lactuca_tatarica,-119.48333,49.883335,80,120,33,8124,279,-75,354,164,36,185,-26,350,38,20,20,104,66,101,91
Lactuca_tatarica,-112.52639,49.96528,51,136,32,9681,262,-162,424,151,-5,172,-77,366,64,14,48,148,49,147,53
Lactuca_tatarica,-96.883,50.017,19,115,23,13132,254,-241,495,176,-162,176,-162,522,82,17,52,230,62,230,62
Lactuca_tatarica,-100.24,50.0329,18,126,25,12831,258,-239,497,172,-128,172,-158,472,75,18,54,215,58,215,58
Lactuca_tatarica,-115.808,50.1548,45,122,32,8572,246,-134,380,-59,-1,153,-67,537,61,28,22,163,102,146,151
Lactuca_tatarica,-96.488,50.239,21,110,22,13082,253,-237,490,178,-137,178,-159,512,81,17,51,224,62,224,63
Lactuca_tatarica,-119.26667,50.25,73,113,31,8303,269,-87,356,-26,28,179,-36,440,51,24,21,130,80,123,122
Lactuca_tatarica,86.67694,50.39278,17,115,25,12401,248,-205,453,170,-125,170,-147,377,72,7,69,190,22,190,29
Lactuca_tatarica,-121.36,50.4141,66,103,31,7896,246,-83,329,-30,64,167,-36,412,55,22,30,155,74,87,141
Lactuca_tatarica,-107.805,50.597,34,120,26,11416,258,-193,451,152,-31,174,-119,345,67,14,56,158,46,155,48
Lactuca_tatarica,-120.333336,50.616665,52,110,31,8093,241,-105,346,156,8,156,-53,336,36,16,24,105,55,105,88
Lactuca_tatarica,-120.316666,50.666668,65,112,31,8320,258,-98,356,171,20,171,-44,328,36,15,25,103,53,103,87
Lactuca_tatarica,-100.36667,50.7,7,118,24,12719,241,-245,486,160,-167,160,-167,508,81,19,51,224,65,224,65
Lactuca_tatarica,-121.323,50.8108,75,109,31,8321,263,-88,351,-26,32,181,-34,313,38,14,26,104,50,86,95
Lactuca_tatarica,-120.583336,50.9,21,103,32,7524,195,-126,321,118,-23,118,-74,446,47,25,20,131,81,131,120
Lactuca_tatarica,0.2093987,51.00294,97,78,37,4767,215,6,209,72,144,160,39,721,80,46,21,231,145,149,199
Lactuca_tatarica,14.42,51.16,82,77,29,6855,225,-40,265,168,2,168,-8,603,74,33,26,211,108,211,118
Lactuca_tatarica,-3.502832,51.194042,96,63,34,4391,199,15,184,51,112,154,43,1111,127,67,23,369,205,225,336
Lactuca_tatarica,12.75,51.26,87,80,30,6695,231,-30,261,173,10,173,1,553,66,31,25,193,100,193,105
Lactuca_tatarica,14.58,51.26,87,79,29,6910,233,-37,270,174,7,174,-3,584,71,32,26,202,105,202,117
Lactuca_tatarica,14.42,51.26,87,78,29,6919,232,-36,268,174,6,174,-4,587,72,32,26,204,105,204,116
Lactuca_tatarica,-80.117,51.283,-7,119,24,12400,221,-264,485,132,-166,140,-178,705,95,26,38,257,97,250,104
Lactuca_tatarica,-2.358578,51.293076,92,73,36,4649,207,5,202,45,111,154,36,803,87,51,17,248,169,180,226
Lactuca_tatarica,14.58,51.36,88,79,29,6943,234,-36,270,175,7,175,-3,587,71,32,26,202,105,202,118
Lactuca_tatarica,-2.64796,51.471687,97,71,35,4610,209,11,198,49,116,158,41,849,91,54,17,262,177,191,236
Lactuca_tatarica,14.42,51.56,88,79,29,7009,235,-37,272,176,6,176,-4,586,71,33,25,200,107,200,120
Lactuca_tatarica,14.75,51.56,88,79,28,7059,235,-38,273,177,5,177,-5,586,70,33,25,200,106,200,121
Lactuca_tatarica,13.715555,51.638615,91,79,29,6849,236,-30,266,178,12,178,2,583,70,33,24,200,108,200,118
Lactuca_tatarica,13.75,51.66,91,79,29,6849,236,-30,266,178,12,178,2,583,70,33,24,200,108,200,118
Lactuca_tatarica,14.08,51.66,92,79,29,6969,239,-31,270,180,11,180,1,570,69,32,24,196,105,196,115
Lactuca_tatarica,-112.249,51.6695,26,129,29,10834,244,-199,443,157,-37,157,-119,377,63,15,56,176,49,176,51
Lactuca_tatarica,11.92,51.76,91,81,31,6550,234,-22,256,176,17,176,8,487,61,28,27,172,89,172,91
Lactuca_tatarica,12.42,51.76,91,81,31,6662,235,-26,261,176,15,176,6,519,62,30,24,178,96,178,103
Lactuca_tatarica,12.58,51.76,91,81,30,6709,235,-27,262,176,14,176,4,532,63,31,24,182,99,182,106
Lactuca_tatarica,14.08,51.76,93,79,29,6997,239,-32,271,181,11,181,1,561,68,32,24,192,104,192,115
Lactuca_tatarica,-98.733,51.8,6,112,22,13643,246,-262,508,170,-181,170,-181,451,73,13,50,192,53,192,53
Lactuca_tatarica,13.75,51.86,93,80,29,6920,240,-30,270,181,13,181,3,560,66,32,24,191,106,191,116
Lactuca_tatarica,-112.63018,51.92728,25,125,28,10855,242,-198,440,158,-36,158,-119,398,68,16,57,191,51,191,56
Lactuca_tatarica,-82.617,51.933,-11,117,23,12887,226,-274,500,145,-110,145,-187,636,95,27,42,250,86,250,98
Lactuca_tatarica,-101.317,51.967,12,115,23,12920,249,-238,487,167,-165,167,-165,454,73,15,53,204,55,204,55
Lactuca_tatarica,0.839682,51.978764,97,71,33,4881,210,0,210,105,60,159,35,546,54,32,14,157,110,145,126
Lactuca_tatarica,-122,52.133335,44,114,31,8448,231,-128,359,149,0,149,-67,437,52,20,28,153,66,153,102
Lactuca_tatarica,14.42,52.16,89,79,27,7363,240,-44,284,180,2,180,-10,552,70,31,25,191,99,191,112
Lactuca_tatarica,-78.20944,52.204723,-20,110,23,12389,197,-272,469,118,-122,125,-191,680,90,21,42,257,82,232,98
Lactuca_tatarica,-110.587006,52.619606,19,124,27,11641,242,-217,459,159,-47,159,-139,407,75,14,62,201,50,201,54
Lactuca_tatarica,8.08,52.66,88,79,33,5835,213,-22,235,160,43,160,12,794,84,51,15,238,158,238,190
Lactuca_tatarica,-98.783,52.917,2,100,20,13597,237,-258,495,167,-161,167,-183,462,68,15,50,198,55,198,55
Lactuca_tatarica,-78.916664,52.966667,-24,105,22,12265,190,-276,466,114,-128,117,-192,609,80,19,44,231,70,212,88
Lactuca_tatarica,-2.9706335,53.087955,92,67,35,4290,192,4,188,71,56,148,40,753,82,45,18,231,146,185,187
Lactuca_tatarica,11.58,53.26,86,74,29,6391,221,-26,247,168,36,168,5,584,64,33,19,188,113,188,127
Lactuca_tatarica,-9.034951,53.271103,98,67,40,3607,186,20,166,80,110,144,54,1076,122,60,23,345,198,238,304
Lactuca_tatarica,-8.974395,53.271366,97,68,40,3646,186,20,166,80,110,144,53,1072,121,60,22,342,199,238,302
Lactuca_tatarica,-3.877962,53.346832,95,62,34,4247,191,13,178,74,111,151,43,865,101,51,23,286,162,191,229
Lactuca_tatarica,8.58,53.36,88,77,33,5855,215,-17,232,162,41,162,14,753,81,38,19,232,139,232,165
Lactuca_tatarica,8.42,53.36,88,75,32,5808,214,-16,230,162,41,162,14,759,81,39,19,232,140,232,168
Lactuca_tatarica,8.58,53.46,88,76,32,5825,214,-17,231,162,40,162,14,759,85,35,21,232,138,232,165
Lactuca_tatarica,-106.983,53.517,8,124,25,12599,239,-243,482,158,-143,158,-162,419,75,14,58,201,55,201,56
Lactuca_tatarica,6.480713,53.53862,87,63,29,5441,201,-12,213,154,40,155,19,803,84,46,20,241,143,226,188
Lactuca_tatarica,6.4960256,53.547466,87,63,29,5460,201,-12,213,154,39,155,19,805,84,46,20,243,143,227,188
Lactuca_tatarica,10.92,53.56,85,76,30,6365,223,-28,251,166,35,166,4,638,69,37,17,199,124,199,144
Lactuca_tatarica,-3.0727732,53.590527,91,67,35,4548,195,4,191,97,56,150,34,841,91,49,21,267,155,207,203
Lactuca_tatarica,11.42,53.86,84,67,27,6281,212,-29,241,165,32,165,5,616,66,35,18,192,118,192,138
Lactuca_tatarica,-1.6194795,53.90036,92,72,37,4521,200,6,194,45,55,151,36,754,73,53,12,215,166,182,195
Lactuca_tatarica,14.433875,53.907013,87,70,26,7177,227,-39,266,177,34,177,-7,550,63,29,21,175,100,175,112
Lactuca_tatarica,11.42,53.96,85,65,27,6234,210,-28,238,165,32,165,7,609,66,35,18,189,116,189,137
Lactuca_tatarica,14.08,53.96,88,68,25,7044,227,-35,262,178,36,178,-3,544,61,29,20,173,99,173,112
Lactuca_tatarica,14.1167,53.9667,88,68,25,7086,227,-36,263,178,35,178,-4,545,61,29,20,173,99,173,112
Lactuca_tatarica,14.133,53.967,88,68,25,7135,227,-37,264,178,35,178,-5,547,62,29,21,174,99,174,112
Lactuca_tatarica,-4.8261404,54.047527,85,64,36,3915,180,7,173,67,99,137,38,974,108,60,22,316,180,211,265
Lactuca_tatarica,12.08,54.06,84,61,26,6221,206,-24,230,163,31,163,6,600,65,32,20,192,110,192,132
Lactuca_tatarica,13.92,54.06,86,67,26,6834,221,-32,253,173,34,173,-2,547,61,29,20,173,100,173,112
Lactuca_tatarica,13.440278,54.115276,82,66,27,6320,211,-25,236,164,31,164,3,561,61,29,20,178,104,178,115
Lactuca_tatarica,11.763116,54.146317,84,61,25,6225,205,-30,235,163,30,163,6,605,66,33,19,189,113,189,134
Lactuca_tatarica,9.92,54.16,80,69,30,5902,209,-21,230,151,32,156,7,785,85,47,19,237,144,233,187
Lactuca_tatarica,12.08,54.16,86,60,26,6216,207,-21,228,165,34,165,8,589,64,31,20,188,108,188,128
Lactuca_tatarica,13.58,54.16,84,65,27,6436,214,-26,240,167,32,167,2,558,61,30,20,177,103,177,116
Lactuca_tatarica,13.75,54.16,85,66,27,6580,216,-28,244,169,33,169,1,552,61,30,20,174,101,174,115
Lactuca_tatarica,13.42,54.16,83,65,27,6314,211,-25,236,165,32,165,4,560,61,29,20,177,104,177,115
Lactuca_tatarica,9.92,54.26,80,66,29,5868,207,-20,227,150,32,155,7,787,85,47,19,237,144,232,187
Lactuca_tatarica,12.25,54.26,85,60,25,6183,205,-26,231,164,31,164,7,578,63,30,20,184,104,184,125
Lactuca_tatarica,13.75,54.26,85,64,26,6518,214,-26,240,168,32,168,2,546,61,30,20,172,100,172,113
Lactuca_tatarica,13.25,54.26,82,64,27,6237,208,-26,234,163,30,163,4,551,61,29,21,176,99,176,114
Lactuca_tatarica,-4.537412,54.323708,83,65,36,4092,179,2,177,63,99,137,33,966,108,57,24,319,174,207,262
Lactuca_tatarica,13.486363,54.350163,81,63,26,6321,208,-26,234,158,29,163,3,549,62,30,21,176,99,174,113
Lactuca_tatarica,13.58,54.36,82,63,26,6366,209,-26,235,159,30,164,2,552,62,30,21,176,99,174,115
Lactuca_tatarica,13.75,54.36,84,63,26,6460,213,-26,239,162,31,167,3,546,61,30,20,173,99,171,113
Lactuca_tatarica,13.42,54.36,81,63,26,6276,207,-27,234,157,29,162,3,557,62,31,21,177,101,175,116
Lactuca_tatarica,13.58,54.46,83,62,26,6320,209,-25,234,159,30,165,4,543,61,30,21,174,97,170,113
Lactuca_tatarica,13.42,54.56,83,62,26,6247,208,-24,232,158,30,164,5,541,61,30,22,175,96,170,112
Lactuca_tatarica,13.42,54.66,83,61,26,6242,207,-24,231,158,30,164,5,547,61,31,21,177,98,171,114
Lactuca_tatarica,-112.167,54.8,14,126,28,11499,230,-219,449,150,-54,150,-143,457,88,15,65,233,52,233,59
Lactuca_tatarica,-121.216,55.7162,23,109,27,10305,221,-179,400,146,-35,146,-118,494,76,17,42,205,72,205,100
Lactuca_tatarica,-120,56.15,15,116,26,11512,225,-218,443,150,-48,150,-142,449,73,18,49,201,61,201,76
Lactuca_tatarica,-119.4278,56.212727,10,113,25,11859,224,-226,450,149,-53,149,-152,425,71,16,51,194,56,194,70
Lactuca_tatarica,-120.848,56.2465,17,103,25,10914,217,-194,411,147,-44,147,-130,471,76,21,44,202,70,202,85
Lactuca_tatarica,-120.70556,56.283333,19,105,24,11237,223,-202,425,152,-44,152,-133,465,75,21,45,200,69,200,84
Lactuca_tatarica,-120.755,56.2867,18,103,24,11087,220,-197,417,150,-44,150,-132,468,75,21,44,201,69,201,84
Lactuca_tatarica,18.1255,56.9107,76,55,23,6464,205,-30,235,156,17,161,-2,502,55,28,24,158,87,135,104
Lactuca_tatarica,18.286,56.931,75,55,23,6413,203,-30,233,154,16,159,-3,511,56,28,24,160,88,137,106
Lactuca_tatarica,18.166666,56.933334,74,55,23,6432,204,-31,235,154,15,159,-3,504,55,28,24,158,87,136,104
Lactuca_tatarica,18.158,56.9482,74,55,23,6432,204,-31,235,154,15,159,-3,504,55,28,24,158,87,136,104
Lactuca_tatarica,18.3152,56.9509,75,55,23,6426,204,-30,234,88,16,160,-2,512,56,28,25,161,88,137,106
Lactuca_tatarica,18.216667,56.966667,75,55,23,6415,204,-30,234,154,16,159,-2,508,56,28,24,159,88,135,106
Lactuca_tatarica,18.316668,57.016666,75,55,23,6402,204,-30,234,87,16,159,-2,511,56,28,25,161,88,135,106
Lactuca_tatarica,18.266666,57.116665,75,55,23,6418,204,-30,234,155,16,160,-2,509,56,28,25,159,88,135,107
Lactuca_tatarica,18.2172,57.1321,75,55,23,6422,204,-30,234,87,16,160,-2,506,55,28,24,158,88,133,107
Lactuca_tatarica,18.2174,57.1325,75,55,23,6422,204,-30,234,87,16,160,-2,506,55,28,24,158,88,133,107
Lactuca_tatarica,18.2186,57.1325,75,55,23,6422,204,-30,234,87,16,160,-2,506,55,28,24,158,88,133,107
Lactuca_tatarica,18.1627,57.157,75,55,23,6410,204,-30,234,154,16,159,-2,501,55,28,24,156,88,132,106
Lactuca_tatarica,18.1449,57.2407,75,55,23,6412,204,-30,234,86,16,160,-2,503,55,28,25,157,88,132,106
Lactuca_tatarica,18.0982,57.2814,75,55,23,6424,205,-30,235,86,16,160,-2,499,55,28,24,156,87,131,105
Lactuca_tatarica,18.0985,57.2816,75,55,23,6424,205,-30,235,86,16,160,-2,499,55,28,24,156,87,131,105
Lactuca_tatarica,18.2,57.283333,74,55,23,6419,204,-30,234,86,15,159,-3,505,55,28,24,157,89,132,108
Lactuca_tatarica,18.1279,57.2961,74,55,23,6413,203,-30,233,86,15,159,-3,506,55,28,24,157,89,133,108
Lactuca_tatarica,18.1487,57.3084,74,55,23,6413,203,-30,233,86,15,159,-3,506,55,28,24,157,89,133,108
Lactuca_tatarica,18.1479,57.3087,74,55,23,6413,203,-30,233,86,15,159,-3,506,55,28,24,157,89,133,108
Lactuca_tatarica,18.7031,57.3229,74,55,23,6437,203,-32,235,86,52,159,-3,532,59,30,26,169,91,137,112
Lactuca_tatarica,18.7088,57.323,74,54,23,6450,203,-31,234,86,52,159,-4,533,59,30,26,169,91,137,113
Lactuca_tatarica,18.168056,57.33389,74,55,23,6392,203,-31,234,85,15,158,-3,510,55,29,24,158,90,133,109
Lactuca_tatarica,18.7159,57.3368,73,55,23,6461,202,-32,234,85,51,159,-4,536,59,30,26,170,91,139,113
Lactuca_tatarica,18.433332,57.366665,71,54,23,6414,200,-33,233,83,49,157,-5,530,57,30,24,165,93,137,114
Lactuca_tatarica,18.8018,57.3743,74,55,23,6473,203,-33,236,85,52,159,-4,536,60,30,26,171,91,138,113
Lactuca_tatarica,18.8386,57.3828,73,55,23,6497,202,-34,236,84,51,159,-5,541,61,30,26,173,91,140,113
Lactuca_tatarica,18.8434,57.386,73,55,23,6497,202,-34,236,84,51,159,-5,541,61,30,26,173,91,140,113
Lactuca_tatarica,18.8837,57.3882,73,55,23,6496,202,-34,236,84,51,159,-5,542,61,30,26,174,91,140,113
Lactuca_tatarica,18.8446,57.3885,73,55,23,6497,202,-34,236,84,51,159,-5,541,61,30,26,173,91,140,113
Lactuca_tatarica,18.8455,57.3896,73,55,23,6497,202,-34,236,84,51,159,-5,541,61,30,26,173,91,140,113
Lactuca_tatarica,18.8762,57.3896,73,55,23,6496,202,-34,236,84,51,159,-5,542,61,30,26,174,91,140,113
Lactuca_tatarica,18.901,57.3954,73,55,23,6496,202,-34,236,84,51,159,-5,542,61,30,26,174,91,140,113
Lactuca_tatarica,18.9023,57.396,73,55,23,6496,202,-34,236,84,51,159,-5,542,61,30,26,174,91,140,113
Lactuca_tatarica,18.9108,57.3998,73,55,23,6496,202,-34,236,84,51,159,-5,542,61,30,26,174,91,140,113
Lactuca_tatarica,18.8686,57.3999,73,55,23,6497,202,-34,236,84,51,159,-5,541,61,30,26,173,91,140,113
Lactuca_tatarica,18.9244,57.4159,73,55,23,6520,203,-34,237,84,51,159,-5,542,61,30,26,174,91,140,113
Lactuca_tatarica,18.9277,57.4198,73,55,23,6525,203,-34,237,84,51,159,-5,543,61,30,26,174,92,140,113
Lactuca_tatarica,18.9257,57.4198,73,55,23,6525,203,-34,237,84,51,159,-5,543,61,30,26,174,92,140,113
Lactuca_tatarica,18.926,57.4242,73,55,23,6525,203,-34,237,84,51,159,-5,543,61,30,26,174,92,140,113
Lactuca_tatarica,18.1275,57.4915,74,55,23,6420,204,-30,234,86,15,160,-3,506,55,29,24,157,90,131,109
Lactuca_tatarica,18.1157,57.5002,73,55,23,6420,204,-31,235,85,14,159,-4,508,55,29,24,157,90,132,109
Lactuca_tatarica,18.306,57.6552,72,54,23,6354,201,-31,232,83,95,157,-4,526,56,30,24,161,92,135,116
Lactuca_tatarica,18.3069,57.6558,72,54,23,6354,201,-31,232,83,95,157,-4,526,56,30,24,161,92,135,116
Lactuca_tatarica,18.3517,57.6931,72,55,23,6367,202,-31,233,82,50,157,-4,525,56,30,25,161,92,135,115
Lactuca_tatarica,19,57.733334,72,55,23,6550,203,-35,238,82,51,159,-6,538,61,29,27,172,90,138,113
Lactuca_tatarica,18.4006,57.7405,72,55,23,6391,202,-32,234,82,50,157,-5,527,57,30,25,163,92,135,115
Lactuca_tatarica,19.0671,57.8361,70,56,23,6608,203,-38,241,80,50,158,-8,540,62,28,27,173,89,139,113
Lactuca_tatarica,19.1,57.866665,70,56,23,6619,203,-39,242,80,50,158,-9,541,63,28,27,175,88,139,139
Lactuca_tatarica,18.0958,59.3808,70,64,23,7328,222,-49,271,157,9,169,-19,525,66,25,30,183,82,173,112
Lactuca_tatarica,24.912304,59.519894,53,66,22,7974,210,-86,296,147,-14,158,-46,666,79,32,31,227,101,206,136
Lactuca_tatarica,23.15168,59.83372,53,72,24,7908,214,-86,300,145,-13,158,-45,606,71,30,30,203,97,181,127
Lactuca_tatarica,10.75132,59.89039,59,69,24,7553,212,-70,282,111,1,158,-36,756,90,37,28,257,124,234,142
Lactuca_tatarica,-112.25,60.1,-29,112,21,14407,224,-301,525,146,-123,146,-223,344,53,14,42,137,44,137,55
Lactuca_tatarica,24.91699,60.15681,52,63,21,8052,208,-87,295,145,-17,158,-48,649,78,33,31,221,103,197,134
Lactuca_tatarica,24.93498,60.15709,52,63,21,8052,208,-87,295,145,-17,158,-48,649,78,33,31,221,103,197,134
Lactuca_tatarica,24.95298,60.15737,52,63,21,8052,208,-87,295,145,-17,158,-48,649,78,33,31,221,103,197,134
Lactuca_tatarica,24.92524,60.17058,51,64,21,8045,208,-88,296,144,-17,158,-48,649,78,33,31,221,103,197,134
Lactuca_tatarica,24.96987,60.17559,51,64,21,8082,209,-88,297,144,-17,158,-49,647,78,33,31,221,103,196,133
Lactuca_tatarica,24.96931,60.18456,51,64,21,8082,209,-88,297,144,-17,158,-49,647,78,33,31,221,103,196,133
Lactuca_tatarica,25.02335,60.18538,50,64,21,8128,208,-90,298,143,-18,157,-51,648,78,33,31,221,103,196,133
Lactuca_tatarica,-123.38333,60.233334,-19,109,22,14174,229,-263,492,151,-205,151,-205,443,83,14,56,207,53,207,53
Lactuca_tatarica,25.01902,60.25714,49,65,21,8175,208,-92,300,142,-19,157,-53,650,78,33,31,221,104,196,134
Lactuca_tatarica,25.10008,60.26298,47,65,21,8229,207,-95,302,140,-21,155,-56,651,79,33,31,222,105,197,133
Lactuca_tatarica,-112.7333,60.35,-31,108,20,14390,220,-301,521,125,-128,144,-224,332,50,14,42,131,42,128,53
Lactuca_tatarica,24.6948,60.88486,40,77,23,8378,211,-110,321,135,-27,150,-65,633,80,32,31,222,100,205,126
Lactuca_tatarica,25.64956,60.9764,40,73,22,8574,211,-111,322,136,-28,153,-68,646,82,33,30,223,105,204,130
Lactuca_tatarica,25.64583,60.97727,40,73,22,8574,211,-111,322,136,-28,153,-68,646,82,33,30,223,105,204,130
Lactuca_tatarica,25.64768,60.97728,40,73,22,8574,211,-111,322,136,-28,153,-68,646,82,33,30,223,105,204,130
Lactuca_tatarica,32.95,60.98,31,78,22,9329,214,-139,353,136,-39,151,-90,679,88,31,33,236,106,213,132
Lactuca_tatarica,32.95,60.98333,31,78,22,9329,214,-139,353,136,-39,151,-90,679,88,31,33,236,106,213,132
Lactuca_tatarica,23.77747,61.48127,38,82,24,8552,214,-119,333,134,-31,150,-71,575,77,27,33,209,88,200,106
Lactuca_tatarica,23.7104,61.4931,38,82,24,8575,214,-120,334,134,-31,150,-71,574,77,27,33,209,88,200,106
Lactuca_tatarica,23.71066,61.49327,38,82,24,8575,214,-120,334,134,-31,150,-71,574,77,27,33,209,88,200,106
Lactuca_tatarica,108.98438,61.6064,-81,126,20,17171,229,-378,607,136,-265,136,-305,345,53,10,49,148,37,148,46
Lactuca_tatarica,29.35886,61.69209,31,74,21,9160,213,-128,341,135,-40,152,-85,656,83,33,29,225,107,210,132
Lactuca_tatarica,-121.345,61.8608,-36,110,20,15501,233,-307,540,154,-124,154,-239,357,54,17,41,146,52,146,56
Lactuca_tatarica,27.89317,62.30613,34,72,21,9148,214,-123,337,137,-36,155,-82,630,82,33,29,217,103,206,128
Lactuca_tatarica,-121.3833,62.85,-47,103,19,15517,221,-314,535,144,-144,144,-250,329,50,15,42,136,46,136,52
Lactuca_tatarica,10.06049,63.27552,42,70,29,5962,170,-67,237,87,32,120,-32,906,106,48,23,289,160,232,225
Lactuca_tatarica,10.167311,63.308548,49,70,29,5955,176,-60,236,53,40,127,-25,882,105,46,24,285,154,224,219
Lactuca_tatarica,20.2869,63.6597,29,84,24,8865,207,-133,340,131,-40,146,-83,571,69,32,26,187,99,165,129
Lactuca_tatarica,24.41631,64.64693,22,83,23,9000,205,-142,347,126,-49,142,-91,504,68,26,30,181,81,168,98
Lactuca_tatarica,24.41496,64.64892,22,83,23,9000,205,-142,347,126,-49,142,-91,504,68,26,30,181,81,168,98
Lactuca_tatarica,-156.41,64.66,-46,96,19,14342,198,-283,481,112,-45,137,-227,366,71,15,52,164,54,159,63
Lactuca_tatarica,-156.41,64.73,-53,96,20,14274,192,-288,480,105,-54,130,-232,368,72,15,53,166,56,162,62
Lactuca_tatarica,-156.83,64.73,-46,92,19,14272,196,-279,475,111,-47,137,-226,354,67,14,50,154,55,152,63
Lactuca_tatarica,-152.06,65.16,-45,108,21,14448,215,-282,497,111,-131,138,-227,324,69,10,65,165,37,158,46
Lactuca_tatarica,22.267128,68.48541,-22,86,22,9922,171,-205,376,111,-94,111,-145,451,68,22,37,175,70,175,78
